,0,,,1,,,2,,,3,,,4,,,5,,,6,,,7,,,8,,,9,,,10,,,11,,,12,,
part_id,start_time,process_time,process,start_time,process_time,process,start_time,process_time,process,start_time,process_time,process,start_time,process_time,process,start_time,process_time,process,start_time,process_time,process,start_time,process_time,process,start_time,process_time,process,start_time,process_time,process,start_time,process_time,process,start_time,process_time,process,start_time,process_time,process
U611 E11C,0,1,HF010,7,1,HF020,23,1,HF031,37,12,HA011,49,19,HA031,73,4,FB011,84,16,HA041,106,15,FB021,133,7,PB011,155,1,HL023,,,Sink,,,,,,
U611 E12C,0,1,HF010,7,1,HF020,23,1,HF031,35,13,HA011,49,16,HA031,60,21,HA021,67,12,FB011,78,15,HA041,100,2,FB021,105,1,HL011,,,Sink,,,,,,
U611 E31S,9,1,HF010,17,1,HF020,32,1,HF031,44,15,HA011,63,16,HA031,71,14,HA021,79,2,FB011,85,11,HA041,102,7,FB021,120,6,PB011,158,1,PS023,161,1,HL023,,,Sink
U611 E31P,9,1,HF010,17,1,HF020,32,1,HF031,46,15,HA011,65,18,HA031,73,13,HA021,84,2,FB011,87,11,HA041,102,7,FB021,121,5,PB011,158,1,PS023,161,1,HL023,,,Sink
U611 E32S,14,1,HF010,23,1,HF020,37,1,HF031,59,6,HA011,70,12,HA031,78,15,HA021,87,2,FB011,92,11,HA041,107,7,FB021,122,6,PB011,158,1,PS023,161,1,HL023,,,Sink
U611 E32P,14,1,HF010,23,1,HF020,37,1,HF031,51,6,HA011,66,12,HA031,74,17,HA021,85,2,FB011,88,11,HA041,105,7,FB021,121,5,PB011,158,1,PS023,161,1,HL023,,,Sink
U611 A11C,14,1,HF010,23,1,HF020,37,1,HF031,52,6,HA021,66,32,HA041,113,4,FB021,129,5,PB011,155,1,HL023,,,Sink,,,,,,,,,,,,
U611 A22C,16,1,HF010,24,1,HF020,38,1,HF031,50,15,HA011,67,26,HA031,98,2,FB011,101,17,HA041,126,4,FB021,151,8,PB011,175,1,PS023,176,1,HL023,,,Sink,,,
U611 E41S,21,1,HF010,29,1,HF020,43,1,HF031,53,16,HA011,72,19,HA031,80,16,HA021,88,7,FB011,94,10,HA041,109,8,FB021,130,7,PB011,162,1,PS023,163,1,HL023,,,Sink
U611 E41P,21,1,HF010,29,1,HF020,43,1,HF031,63,16,HA011,78,19,HA031,85,17,HA021,86,17,FB011,100,10,HA041,114,8,FB021,128,5,PB011,162,1,PS023,163,1,HL023,,,Sink
U611 E21S,23,1,HF010,30,1,HF020,44,1,HF031,63,13,HA011,77,14,HA031,86,14,HA021,94,2,FB011,99,10,HA041,113,6,FB021,134,6,PB011,154,1,PS023,155,1,HL023,,,Sink
U611 B12P,23,1,HF010,30,1,HF020,44,1,HF031,65,5,HA011,73,8,HA031,79,5,HA021,88,10,HA041,102,3,FB021,108,1,HL011,,,Sink,,,,,,,,,
U611 E42S,23,1,HF010,30,1,HF020,44,1,HF031,52,16,HA011,73,17,HA031,80,19,HA021,92,2,FB011,95,10,HA041,112,8,FB021,135,6,PB011,162,1,PS023,163,1,HL023,,,Sink
U611 E42P,23,1,HF010,30,1,HF020,44,1,HF031,64,16,HA011,79,19,HA031,86,17,HA021,91,11,FB011,101,10,HA041,115,8,FB021,133,5,PB011,162,1,PS023,163,1,HL023,,,Sink
U611 B12S,23,1,HF010,30,1,HF020,44,1,HF031,66,5,HA011,74,8,HA031,85,3,HA021,91,10,HA041,105,3,FB021,108,1,HL011,,,Sink,,,,,,,,,
U611 E21P,23,1,HF010,30,1,HF020,44,1,HF031,59,13,HA011,73,16,HA031,84,14,HA021,92,2,FB011,95,10,HA041,109,5,FB021,133,6,PB011,154,1,PS023,155,1,HL023,,,Sink
U611 B51S,24,1,HF010,31,1,HF020,45,1,HF031,71,6,HA011,84,14,HA031,98,8,HA021,102,2,FB011,107,11,HA041,122,4,FB021,129,7,PB011,151,1,HL023,,,Sink,,,
U611 E13C,24,1,HF010,31,1,HF020,45,1,HF031,66,5,HA021,74,14,HA041,98,2,FB021,100,1,HL011,,,Sink,,,,,,,,,,,,,,,
U611 E22S,24,1,HF010,31,1,HF020,45,1,HF031,70,5,HA021,79,12,HA041,98,2,FB021,105,1,HL011,,,Sink,,,,,,,,,,,,,,,
U611 B51P,24,1,HF010,31,1,HF020,45,1,HF031,65,6,HA011,74,14,HA031,91,8,HA021,95,2,FB011,100,11,HA041,115,4,FB021,128,7,PB011,151,1,HL023,,,Sink,,,
U611 S13S,25,1,HF010,32,1,HF020,46,1,HF031,70,13,HA011,80,24,HA031,99,5,HA021,109,10,HA041,123,4,FB021,141,7,PB011,158,1,PS023,161,1,HL023,,,Sink,,,
U611 E22P,25,1,HF010,32,1,HF020,46,1,HF031,70,5,HA021,79,12,HA041,98,2,FB021,105,1,HL011,,,Sink,,,,,,,,,,,,,,,
U611 S11S,28,1,HF010,35,1,HF020,49,1,HF031,71,7,HA011,84,8,HA031,88,10,HA021,94,2,FB011,99,13,HA041,119,4,FB021,133,8,PB011,150,1,PS023,151,1,HL023,,,Sink
U611 S13P,28,1,HF010,35,1,HF020,49,1,HF031,67,13,HA011,78,25,HA031,95,5,HA021,107,10,HA041,122,4,FB021,137,8,PB011,157,1,PS023,158,1,HL023,,,Sink,,,
U611 S11P,28,1,HF010,35,1,HF020,49,1,HF031,66,7,HA011,78,8,HA031,86,7,HA021,91,3,FB011,94,13,HA041,114,4,FB021,130,7,PB011,150,1,PS023,151,1,HL023,,,Sink
U611 A21S,29,1,HF010,36,1,HF020,50,1,HF031,66,10,HA011,84,14,HA031,91,20,HA021,102,2,FB011,107,12,HA041,123,4,FB021,130,1,HL011,,,Sink,,,,,,
U611 A21P,29,1,HF010,36,1,HF020,50,1,HF031,64,10,HA011,79,14,HA031,87,22,HA021,100,2,FB011,105,12,HA041,121,4,FB021,130,1,HL011,,,Sink,,,,,,
U611 E52S,30,1,HF010,37,1,HF020,51,1,HF031,71,12,HA011,87,12,HA031,95,14,HA021,105,2,FB011,108,10,HA041,122,8,FB021,141,6,PB011,162,1,PS023,163,1,HL023,,,Sink
U611 E23S,31,1,HF010,38,1,HF020,52,1,HF031,71,5,HA021,86,8,HA041,98,2,FB021,100,1,HL011,,,Sink,,,,,,,,,,,,,,,
U611 E51S,31,1,HF010,38,1,HF020,52,1,HF031,72,14,HA011,91,9,HA031,93,14,HA021,100,4,FB011,106,14,HA041,126,8,FB021,140,6,PB011,162,1,PS023,163,1,HL023,,,Sink
U611 E52P,31,1,HF010,38,1,HF020,52,1,HF031,66,12,HA011,84,12,HA031,92,14,HA021,100,2,FB011,105,10,HA041,119,7,FB021,135,6,PB011,162,1,PS023,163,1,HL023,,,Sink
U611 S14P,31,1,HF010,38,1,HF020,52,1,HF031,71,13,HA011,84,21,HA031,100,5,HA021,112,10,HA041,126,4,FB021,140,8,PB011,164,1,PS023,165,1,HL023,,,Sink,,,
U611 B14P,31,1,HF010,38,1,HF020,52,1,HF031,73,5,HA011,84,8,HA031,88,5,HA021,98,9,HA041,109,3,FB021,116,1,HL011,,,Sink,,,,,,,,,
U611 B14S,31,1,HF010,38,1,HF020,52,1,HF031,74,5,HA011,85,8,HA031,93,3,HA021,99,9,HA041,112,3,FB021,116,1,HL011,,,Sink,,,,,,,,,
U611 E51P,32,1,HF010,39,1,HF020,53,1,HF031,65,14,HA011,86,8,HA031,88,14,HA021,95,6,FB011,101,14,HA041,121,7,FB021,134,6,PB011,162,1,PS023,163,1,HL023,,,Sink
U611 S14S,32,1,HF010,39,1,HF020,53,1,HF031,74,13,HA011,87,23,HA031,105,5,HA021,115,10,HA041,129,5,FB021,144,8,PB011,168,1,PS023,169,1,HL023,,,Sink,,,
U611 S15P,32,1,HF010,39,1,HF020,53,1,HF031,72,13,HA011,85,23,HA031,101,11,HA021,106,3,FB011,113,10,HA041,127,4,FB021,143,7,PB011,164,1,PS023,165,1,HL023,,,Sink
U611 E23P,32,1,HF010,39,1,HF020,53,1,HF031,71,5,HA021,85,8,HA041,98,2,FB021,100,1,HL011,,,Sink,,,,,,,,,,,,,,,
U611 B15S,35,1,HF010,42,1,HF020,59,1,HF031,78,5,HA011,87,8,HA031,95,3,HA021,101,9,HA041,114,3,FB021,119,1,HL011,,,Sink,,,,,,,,,
U611 S15S,35,1,HF010,42,1,HF020,59,1,HF031,77,13,HA011,88,23,HA031,106,11,HA021,109,5,FB011,116,10,HA041,130,5,FB021,148,8,PB011,168,1,PS023,169,1,HL023,,,Sink
U611 B15P,35,1,HF010,42,1,HF020,59,1,HF031,77,5,HA011,86,8,HA031,92,8,HA021,100,9,HA041,113,3,FB021,119,1,HL011,,,Sink,,,,,,,,,
U611 B52P,37,1,HF010,44,1,HF020,63,1,HF031,78,6,HA011,88,12,HA031,99,11,HA021,106,2,FB011,109,14,HA041,129,3,FB021,140,7,PB011,158,1,HL023,,,Sink,,,
U612 E11C,37,1,HF010,44,1,HF020,63,1,HF031,77,12,HA011,88,21,HA031,109,4,FB011,119,16,HA041,141,15,FB021,169,7,PB011,189,1,HL023,,,Sink,,,,,,
U612 E12C,37,1,HF010,44,1,HF020,63,1,HF031,73,13,HA011,88,18,HA031,98,19,HA021,105,10,FB011,114,15,HA041,135,2,FB021,140,1,HL011,,,Sink,,,,,,
U611 B16S,37,1,HF010,44,1,HF020,63,1,HF031,80,5,HA011,91,8,HA031,99,3,HA021,105,9,HA041,116,3,FB021,122,1,HL011,,,Sink,,,,,,,,,
U611 B16P,37,1,HF010,44,1,HF020,63,1,HF031,79,5,HA011,88,8,HA031,94,5,HA021,102,9,HA041,115,2,FB021,122,1,HL011,,,Sink,,,,,,,,,
U611 B52S,37,1,HF010,44,1,HF020,63,1,HF031,85,6,HA011,94,12,HA031,105,9,HA021,112,2,FB011,115,14,HA041,135,3,FB021,143,7,PB011,161,1,HL023,,,Sink,,,
U611 B11C,38,1,HF010,45,1,HF020,64,1,HF031,80,5,HA011,91,8,HA031,98,5,HA021,106,11,HA041,121,3,FB021,128,7,PB011,151,1,HL023,,,Sink,,,,,,
U611 S16P,39,1,HF010,46,1,HF020,65,1,HF031,79,13,HA011,92,23,HA031,109,10,HA021,115,2,FB011,120,10,HA041,134,4,FB021,150,8,PB011,169,1,PS023,170,1,HL023,,,Sink
U611 B17S,39,1,HF010,46,1,HF020,65,1,HF031,85,5,HA011,93,8,HA031,101,3,HA021,107,9,HA041,120,3,FB021,123,1,HL011,,,Sink,,,,,,,,,
U611 B17P,39,1,HF010,46,1,HF020,65,1,HF031,84,5,HA011,92,8,HA031,98,5,HA021,106,9,HA041,119,3,FB021,123,1,HL011,,,Sink,,,,,,,,,
U611 S16S,42,1,HF010,49,1,HF020,66,1,HF031,85,13,HA011,95,23,HA031,114,10,HA021,120,2,FB011,123,10,HA041,137,4,FB021,154,8,PB011,171,1,PS023,172,1,HL023,,,Sink
U611 S17P,42,1,HF010,49,1,HF020,66,1,HF031,80,13,HA011,93,23,HA031,112,8,HA021,116,2,FB011,121,10,HA041,135,4,FB021,151,8,PB011,169,1,PS023,170,1,HL023,,,Sink
U611 S17S,43,1,HF010,50,1,HF020,67,1,HF031,86,13,HA011,98,21,HA031,115,10,HA021,121,2,FB011,126,10,HA041,140,4,FB021,155,8,PB011,171,1,PS023,172,1,HL023,,,Sink
U611 F41P,45,1,HF010,52,1,HF020,71,1,HF031,85,15,HA011,98,17,HA031,106,8,HA021,112,2,FB011,115,16,HA041,137,5,FB021,151,6,PB011,171,1,PS023,172,1,HL023,,,Sink
U611 F41S,45,1,HF010,52,1,HF020,71,1,HF031,92,15,HA011,106,16,HA031,113,11,HA021,120,2,FB011,123,16,HA041,149,5,FB021,161,6,PB011,171,1,PS023,172,1,HL023,,,Sink
U611 S12P,46,1,HF010,53,1,HF020,72,1,HF031,85,13,HA011,99,10,HA031,105,5,HA021,113,9,HA041,126,4,FB021,140,7,PB011,157,1,PS023,158,1,HL023,,,Sink,,,
U612 E31S,49,1,HF010,59,1,HF020,73,1,HF031,86,15,HA011,100,18,HA031,108,14,HA021,116,2,FB011,121,11,HA041,140,7,FB021,156,6,PB011,197,1,PS023,198,1,HL023,,,Sink
U611 H31C,49,1,HF010,59,1,HF020,73,1,HF031,88,5,HA031,95,15,FB021,116,9,PB011,129,1,HL023,,,Sink,,,,,,,,,,,,,,,
U611 S18P,49,1,HF010,59,1,HF020,73,1,HF031,91,13,HA011,102,14,HA031,109,10,HA021,115,1,FB011,119,13,HA041,136,4,FB021,150,8,PB011,170,1,PS023,171,1,HL023,,,Sink
U611 S12S,49,1,HF010,59,1,HF020,73,1,HF031,87,13,HA011,101,12,HA031,107,5,HA021,115,9,HA041,128,4,FB021,143,7,PB011,158,1,PS023,161,1,HL023,,,Sink,,,
U612 E31P,49,1,HF010,59,1,HF020,73,1,HF031,88,15,HA011,102,18,HA031,112,13,HA021,120,2,FB011,123,11,HA041,140,7,FB021,157,5,PB011,197,1,PS023,198,1,HL023,,,Sink
U611 S18S,49,1,HF010,59,1,HF020,73,1,HF031,91,13,HA011,100,15,HA031,107,7,HA021,112,3,FB011,115,13,HA041,134,4,FB021,141,8,PB011,164,1,PS023,165,1,HL023,,,Sink
U611 T15S,50,1,HF010,60,1,HF020,74,1,HF031,126,6,HA021,135,8,HA041,149,3,FB021,162,1,PS023,,,Sink,,,,,,,,,,,,,,,
U612 A11C,51,1,HF010,63,1,HF020,77,1,HF031,93,6,HA021,102,32,HA041,150,4,FB021,162,5,PB011,189,1,HL023,,,Sink,,,,,,,,,,,,
U612 E32P,52,1,HF010,64,1,HF020,78,1,HF031,93,6,HA011,105,12,HA031,113,14,HA021,121,2,FB011,126,11,HA041,141,7,FB021,157,5,PB011,197,1,PS023,198,1,HL023,,,Sink
U612 E32S,52,1,HF010,64,1,HF020,78,1,HF031,98,6,HA011,107,12,HA031,115,14,HA021,123,2,FB011,128,11,HA041,144,7,FB021,158,6,PB011,197,1,PS023,198,1,HL023,,,Sink
U611 S19S,53,1,HF010,65,1,HF020,79,1,HF031,95,13,HA011,106,15,HA031,113,7,HA021,116,5,FB011,121,13,HA041,140,4,FB021,149,8,PB011,164,1,PS023,165,1,HL023,,,Sink
U611 S19P,53,1,HF010,65,1,HF020,79,1,HF031,95,13,HA011,108,13,HA031,115,8,HA021,120,2,FB011,123,13,HA041,143,4,FB021,154,8,PB011,170,1,PS023,171,1,HL023,,,Sink
U612 B12P,60,1,HF010,67,1,HF020,84,1,HF031,100,5,HA011,108,8,HA031,114,5,HA021,122,10,HA041,136,3,FB021,143,1,HL011,,,Sink,,,,,,,,,
U612 A22C,60,1,HF010,67,1,HF020,84,1,HF031,94,15,HA011,108,26,HA031,136,2,FB011,141,17,HA041,168,4,FB021,198,8,PB011,212,1,PS023,213,1,HL023,,,Sink,,,
U612 B12S,60,1,HF010,67,1,HF020,84,1,HF031,101,5,HA011,109,8,HA031,119,3,HA021,123,10,HA041,137,3,FB021,143,1,HL011,,,Sink,,,,,,,,,
U612 E21P,63,1,HF010,70,1,HF020,85,1,HF031,95,13,HA011,109,16,HA031,119,14,HA021,127,2,FB011,130,10,HA041,148,5,FB021,158,6,PB011,185,1,PS023,189,1,HL023,,,Sink
U612 E21S,63,1,HF010,70,1,HF020,85,1,HF031,99,13,HA011,113,14,HA031,121,14,HA021,129,2,FB011,134,10,HA041,150,6,FB021,162,6,PB011,185,1,PS023,189,1,HL023,,,Sink
U612 S13S,63,1,HF010,70,1,HF020,85,1,HF031,102,13,HA011,114,23,HA031,130,5,HA021,143,10,HA041,158,4,FB021,175,7,PB011,193,1,PS023,196,1,HL023,,,Sink,,,
U611 T11S,64,1,HF010,71,1,HF020,86,1,HF031,102,6,HA021,113,8,HA041,123,3,FB021,141,4,FB031,150,1,PS023,151,1,HL023,,,Sink,,,,,,,,,
U611 T11P,64,1,HF010,71,1,HF020,86,1,HF031,101,6,HA021,112,8,HA041,122,3,FB021,143,3,FB031,150,1,PS023,151,1,HL023,,,Sink,,,,,,,,,
U611 E39C,64,1,HF010,71,1,HF020,86,1,HF031,109,8,HA021,121,4,FB021,129,5,PB011,161,1,HL023,,,Sink,,,,,,,,,,,,,,,
U612 B51P,64,1,HF010,71,1,HF020,86,1,HF031,101,6,HA011,112,14,HA031,126,8,HA021,130,2,FB011,135,11,HA041,154,4,FB021,163,7,PB011,186,1,HL023,,,Sink,,,
U611 A31P,64,1,HF010,71,1,HF020,86,1,HF031,93,13,HA011,113,10,HA031,120,13,HA021,127,3,FB011,130,12,HA041,150,3,FB021,157,1,HL011,,,Sink,,,,,,
U611 A31S,64,1,HF010,71,1,HF020,86,1,HF031,94,13,HA011,114,10,HA031,121,13,HA021,128,3,FB011,133,12,HA041,151,3,FB021,157,1,HL011,,,Sink,,,,,,
U612 E13C,64,1,HF010,71,1,HF020,86,1,HF031,102,5,HA021,112,14,HA041,133,2,FB021,135,1,HL011,,,Sink,,,,,,,,,,,,,,,
U612 E41S,64,1,HF010,71,1,HF020,86,1,HF031,98,16,HA011,112,19,HA031,120,15,HA021,127,5,FB011,133,10,HA041,150,8,FB021,176,7,PB011,199,1,PS023,200,1,HL023,,,Sink
U612 E41P,64,1,HF010,71,1,HF020,86,1,HF031,101,16,HA011,116,18,HA031,122,19,HA021,123,19,FB011,137,10,HA041,155,8,FB021,170,5,PB011,199,1,PS023,200,1,HL023,,,Sink
U612 B51S,64,1,HF010,71,1,HF020,86,1,HF031,107,6,HA011,119,14,HA031,133,8,HA021,137,2,FB011,143,11,HA041,161,4,FB021,169,7,PB011,186,1,HL023,,,Sink,,,
U611 T12S,65,1,HF010,72,1,HF020,87,1,HF031,106,6,HA021,115,8,HA041,128,3,FB021,155,1,PS023,156,1,HL023,,,Sink,,,,,,,,,,,,
U611 D11S,65,1,HF010,72,1,HF020,87,1,HF031,105,5,HA011,113,7,HA031,115,11,HA021,126,1,FB011,127,8,HA041,137,5,FB021,155,6,PB011,170,1,PS023,171,1,HL023,,,Sink
U611 D11P,65,1,HF010,72,1,HF020,87,1,HF031,113,7,HA031,116,10,HA021,126,1,FB011,128,8,HA041,140,5,FB021,156,5,PB011,170,1,PS023,171,1,HL023,,,Sink,,,
U612 S13P,65,1,HF010,72,1,HF020,87,1,HF031,102,13,HA011,113,24,HA031,129,5,HA021,141,10,HA041,157,4,FB021,169,8,PB011,192,1,PS023,193,1,HL023,,,Sink,,,
U612 E42P,65,1,HF010,72,1,HF020,87,1,HF031,102,16,HA011,119,16,HA031,123,19,HA021,128,13,FB011,140,10,HA041,156,8,FB021,177,5,PB011,199,1,PS023,200,1,HL023,,,Sink
U612 E42S,65,1,HF010,72,1,HF020,87,1,HF031,95,16,HA011,113,15,HA031,120,16,HA021,129,2,FB011,134,10,HA041,151,8,FB021,179,6,PB011,199,1,PS023,200,1,HL023,,,Sink
U611 B58P,65,1,HF010,72,1,HF020,87,1,HF031,108,6,HA011,120,14,HA031,133,10,HA021,140,2,FB011,144,14,HA041,165,4,FB021,175,7,PB011,196,1,HL034,,,Sink,,,
U611 F21P,66,1,HF010,73,1,HF020,88,1,HF031,102,12,HA011,114,15,HA031,123,9,HA021,128,3,FB011,133,12,HA041,151,2,FB021,158,1,HL011,196,1,PS023,,,Sink,,,
U611 F21S,66,1,HF010,73,1,HF020,88,1,HF031,105,12,HA011,115,15,HA031,126,7,HA021,129,3,FB011,134,12,HA041,154,2,FB021,158,1,HL011,,,Sink,,,,,,
U612 S11P,66,1,HF010,73,1,HF020,88,1,HF031,102,7,HA011,114,8,HA031,121,7,HA021,126,3,FB011,129,13,HA041,151,4,FB021,168,7,PB011,185,1,PS023,186,1,HL023,,,Sink
U611 T12P,66,1,HF010,73,1,HF020,88,1,HF031,105,6,HA021,114,8,HA041,126,3,FB021,149,3,FB031,155,1,PS023,156,1,HL023,,,Sink,,,,,,,,,
U612 S11S,66,1,HF010,73,1,HF020,88,1,HF031,107,7,HA011,119,8,HA031,123,10,HA021,129,2,FB011,134,13,HA041,156,4,FB021,169,8,PB011,185,1,PS023,186,1,HL023,,,Sink
U611 B13P,67,5,HA011,77,8,HA031,84,5,HA021,92,9,HA041,105,3,FB021,112,1,HL011,,,Sink,,,,,,,,,,,,,,,,,,
U611 B58S,67,1,HF010,74,1,HF020,91,1,HF031,106,6,HA011,115,14,HA031,128,12,HA021,135,2,FB011,140,14,HA041,162,4,FB021,170,7,PB011,191,1,HL034,,,Sink,,,
U613 E12C,67,1,HF010,74,1,HF020,91,1,HF031,101,13,HA011,115,18,HA031,123,21,HA021,130,12,FB011,141,15,HA041,164,2,FB021,169,1,HL011,,,Sink,,,,,,
U613 E11C,67,1,HF010,74,1,HF020,91,1,HF031,105,12,HA011,115,21,HA031,136,4,FB011,148,16,HA041,170,15,FB021,197,7,PB011,214,1,HL023,,,Sink,,,,,,
U612 B14S,67,1,HF010,74,1,HF020,91,1,HF031,108,5,HA011,116,8,HA031,126,3,HA021,130,9,HA041,144,3,FB021,151,1,HL011,,,Sink,,,,,,,,,
U611 F31P,67,1,HF010,74,1,HF020,91,1,HF031,106,6,HA011,115,10,HA031,122,13,HA021,129,3,FB011,134,12,HA041,154,4,FB021,163,1,HL011,197,1,PS023,,,Sink,,,
U611 F31S,67,1,HF010,74,1,HF020,91,1,HF031,107,6,HA011,116,10,HA031,122,14,HA021,130,2,FB011,135,12,HA041,155,4,FB021,163,1,HL011,,,Sink,,,,,,
U612 B14P,67,1,HF010,74,1,HF020,91,1,HF031,107,5,HA011,115,8,HA031,121,5,HA021,129,9,HA041,143,3,FB021,151,1,HL011,,,Sink,,,,,,,,,
U611 H22C,70,1,HF010,77,1,HF020,92,1,HF031,106,4,HA031,106,8,HA011,112,4,HA041,116,8,FB021,129,1,HL023,,,Sink,,,,,,,,,,,,
U612 S14P,70,1,HF010,77,1,HF020,92,1,HF031,106,13,HA011,116,23,HA031,134,5,HA021,148,10,HA041,162,4,FB021,176,8,PB011,199,1,PS023,200,1,HL023,,,Sink,,,
U611 B59P,70,1,HF010,77,1,HF020,92,1,HF031,112,6,HA011,121,12,HA031,133,9,HA021,137,5,FB011,143,14,HA041,164,3,FB021,176,7,PB011,196,1,HL034,,,Sink,,,
U611 D12P,70,1,HF010,77,1,HF020,92,1,HF031,109,5,HA011,119,7,HA031,121,11,HA021,129,1,FB011,133,8,HA041,144,5,FB021,157,6,PB011,172,1,PS023,175,1,HL023,,,Sink
U611 D12S,70,1,HF010,77,1,HF020,92,1,HF031,108,5,HA011,116,7,HA031,120,11,HA021,128,1,FB011,130,8,HA041,143,4,FB021,156,5,PB011,172,1,PS023,175,1,HL023,,,Sink
U611 H21C,70,1,HF010,77,1,HF020,92,1,HF031,106,4,HA031,106,7,HA011,112,4,HA041,116,8,FB021,129,1,HL023,,,Sink,,,,,,,,,,,,
U611 B13S,70,5,HA011,78,8,HA031,93,9,HA041,106,3,FB021,112,1,HL011,,,Sink,,,,,,,,,,,,,,,,,,,,,
U611 H23C,70,1,HF010,77,1,HF020,92,1,HF031,106,4,HA031,106,8,HA011,112,4,HA041,116,8,FB021,129,1,HL023,,,Sink,,,,,,,,,,,,
U611 L11C,71,1,HF010,78,1,HF020,93,1,HF031,108,6,HA021,119,8,HA041,129,2,FB021,149,2,PS023,151,1,HL023,,,Sink,,,,,,,,,,,,
U612 S14S,71,1,HF010,78,1,HF020,93,1,HF031,109,13,HA011,121,23,HA031,137,5,HA021,151,10,HA041,165,5,FB021,182,8,PB011,203,1,PS023,204,1,HL023,,,Sink,,,
U613 A22C,71,1,HF010,78,1,HF020,93,1,HF031,105,15,HA011,119,24,HA031,149,2,FB011,154,17,HA041,177,4,FB021,196,8,PB011,225,1,PS023,226,1,HL023,,,Sink,,,
U612 S15P,71,1,HF010,78,1,HF020,93,1,HF031,107,13,HA011,119,21,HA031,135,11,HA021,140,3,FB011,149,10,HA041,163,4,FB021,179,7,PB011,199,1,PS023,200,1,HL023,,,Sink
U612 B15P,71,1,HF010,78,1,HF020,93,1,HF031,109,5,HA011,119,8,HA031,123,10,HA021,133,9,HA041,148,3,FB021,154,1,HL011,,,Sink,,,,,,,,,
U611 F33C,71,1,HF010,78,1,HF020,93,1,HF031,119,10,HA031,123,14,HA021,133,2,FB011,136,13,HA041,157,4,FB021,163,1,HL011,,,Sink,,,,,,,,,
U612 B15S,71,1,HF010,78,1,HF020,93,1,HF031,112,5,HA011,120,8,HA031,128,3,HA021,134,9,HA041,149,3,FB021,154,1,HL011,,,Sink,,,,,,,,,
U611 D13P,71,1,HF010,78,1,HF020,93,1,HF031,123,5,HA021,133,1,FB011,135,8,HA041,149,4,FB021,158,6,PB011,172,1,PS023,175,1,HL023,,,Sink,,,,,,
U612 E23S,71,1,HF010,78,1,HF020,93,1,HF031,107,5,HA021,121,8,HA041,133,2,FB021,135,1,HL011,,,Sink,,,,,,,,,,,,,,,
U612 A21P,72,1,HF010,79,1,HF020,94,1,HF031,105,10,HA011,120,14,HA031,127,20,HA021,140,2,FB011,144,12,HA041,163,4,FB021,172,1,HL011,,,Sink,,,,,,
U612 E52S,72,1,HF010,79,1,HF020,94,1,HF031,109,12,HA011,126,12,HA031,134,14,HA021,143,2,FB011,149,10,HA041,163,8,FB021,185,6,PB011,199,1,PS023,200,1,HL023,,,Sink
U613 F41P,72,1,HF010,79,1,HF020,94,1,HF031,107,15,HA011,120,17,HA031,128,10,HA021,134,2,FB011,137,16,HA041,163,5,FB021,175,6,PB011,193,1,PS023,196,1,HL023,,,Sink
U612 B16S,72,1,HF010,79,1,HF020,94,1,HF031,113,5,HA011,121,8,HA031,129,3,HA021,135,9,HA041,150,3,FB021,156,1,HL011,,,Sink,,,,,,,,,
U611 T17S,72,1,HF010,79,1,HF020,94,1,HF031,116,6,HA021,127,8,HA041,137,3,FB021,163,1,PS023,164,1,HL023,,,Sink,,,,,,,,,,,,
U612 S15S,72,1,HF010,79,1,HF020,94,1,HF031,112,13,HA011,122,23,HA031,140,13,HA021,144,6,FB011,154,10,HA041,168,5,FB021,183,8,PB011,203,1,PS023,204,1,HL023,,,Sink
U613 F41S,72,1,HF010,79,1,HF020,94,1,HF031,114,15,HA011,128,16,HA031,135,11,HA021,143,2,FB011,149,16,HA041,171,5,FB021,184,6,PB011,193,1,PS023,196,1,HL023,,,Sink
U612 E23P,72,1,HF010,79,1,HF020,94,1,HF031,107,5,HA021,120,8,HA041,133,2,FB021,135,1,HL011,,,Sink,,,,,,,,,,,,,,,
U612 A21S,72,1,HF010,79,1,HF020,94,1,HF031,107,10,HA011,122,14,HA031,129,22,HA021,143,2,FB011,149,12,HA041,165,4,FB021,172,1,HL011,,,Sink,,,,,,
U612 E22S,72,1,HF010,79,1,HF020,94,1,HF031,114,5,HA021,123,8,HA041,135,2,FB021,140,1,HL011,,,Sink,,,,,,,,,,,,,,,
U612 B16P,72,1,HF010,79,1,HF020,94,1,HF031,112,5,HA011,120,8,HA031,126,5,HA021,134,9,HA041,149,2,FB021,156,1,HL011,,,Sink,,,,,,,,,
U611 L12C,72,1,HF010,79,1,HF020,94,1,HF031,109,6,HA021,120,8,HA041,130,2,FB021,154,2,PS023,156,1,HL023,,,Sink,,,,,,,,,,,,
U611 B59S,72,1,HF010,79,1,HF020,94,1,HF031,109,6,HA011,120,12,HA031,133,7,HA021,141,14,HA041,163,3,FB021,170,7,PB011,191,1,HL034,,,Sink,,,,,,
U611 D13S,72,1,HF010,79,1,HF020,94,1,HF031,112,5,HA011,120,7,HA031,122,11,HA021,130,1,FB011,134,8,HA041,148,4,FB021,158,6,PB011,172,1,PS023,175,1,HL023,,,Sink
U611 E91C,72,1,HF010,79,1,HF020,94,1,HF031,108,5,HA011,120,10,HA031,127,11,HA021,134,2,FB011,137,10,HA041,155,8,FB021,169,6,PB011,185,1,PS023,,,Sink,,,
U612 E51S,73,1,HF010,80,1,HF020,95,1,HF031,112,14,HA011,128,9,HA031,130,14,HA021,137,6,FB011,144,14,HA041,165,8,FB021,182,6,PB011,199,1,PS023,200,1,HL023,,,Sink
U612 E52P,73,1,HF010,80,1,HF020,95,1,HF031,106,12,HA011,121,12,HA031,129,14,HA021,137,2,FB011,143,10,HA041,158,7,FB021,182,6,PB011,199,1,PS023,200,1,HL023,,,Sink
U612 B52S,73,1,HF010,80,1,HF020,95,1,HF031,116,6,HA011,127,12,HA031,136,12,HA021,144,2,FB011,150,14,HA041,170,3,FB021,177,7,PB011,196,1,HL023,,,Sink,,,
U611 B18P,73,1,HF010,80,1,HF020,95,1,HF031,120,5,HA011,128,8,HA031,134,5,HA021,143,9,HA041,157,3,FB021,163,1,HL011,,,Sink,,,,,,,,,
U612 E22P,73,1,HF010,80,1,HF020,95,1,HF031,114,5,HA021,123,8,HA041,135,2,FB021,140,1,HL011,,,Sink,,,,,,,,,,,,,,,
U613 E31P,74,1,HF010,84,1,HF020,98,1,HF031,112,15,HA011,126,16,HA031,134,13,HA021,143,2,FB011,149,11,HA041,164,7,FB021,182,5,PB011,219,1,PS023,220,1,HL023,,,Sink
U612 B52P,74,1,HF010,84,1,HF020,98,1,HF031,113,6,HA011,122,12,HA031,133,9,HA021,140,2,FB011,144,14,HA041,165,3,FB021,172,7,PB011,193,1,HL023,,,Sink,,,
U611 B19P,74,1,HF010,84,1,HF020,98,1,HF031,121,5,HA011,129,8,HA031,135,5,HA021,144,9,HA041,158,3,FB021,163,1,HL011,,,Sink,,,,,,,,,
U611 L13C,74,1,HF010,84,1,HF020,98,1,HF031,113,6,HA021,122,8,HA041,134,2,FB021,154,2,PS023,156,1,HL023,,,Sink,,,,,,,,,,,,
U612 B17S,74,1,HF010,84,1,HF020,98,1,HF031,115,5,HA011,123,8,HA031,133,3,HA021,137,9,HA041,154,3,FB021,157,1,HL011,,,Sink,,,,,,,,,
U612 B17P,74,1,HF010,84,1,HF020,98,1,HF031,114,5,HA011,122,8,HA031,128,5,HA021,136,9,HA041,151,3,FB021,157,1,HL011,,,Sink,,,,,,,,,
U611 T14S,74,1,HF010,84,1,HF020,98,1,HF031,114,6,HA021,123,8,HA041,135,3,FB021,161,1,PS023,162,1,HL023,,,Sink,,,,,,,,,,,,
U611 T14P,74,1,HF010,84,1,HF020,98,1,HF031,113,6,HA021,122,8,HA041,134,3,FB021,155,3,FB031,161,1,PS023,162,1,HL023,,,Sink,,,,,,,,,
U612 E51P,74,1,HF010,84,1,HF020,98,1,HF031,105,14,HA011,123,8,HA031,127,14,HA021,134,4,FB011,140,14,HA041,162,7,FB021,179,6,PB011,199,1,PS023,200,1,HL023,,,Sink
U613 E31S,74,1,HF010,84,1,HF020,98,1,HF031,108,15,HA011,122,18,HA031,130,14,HA021,140,2,FB011,144,11,HA041,164,7,FB021,179,6,PB011,219,1,PS023,220,1,HL023,,,Sink
U611 B18S,77,1,HF010,85,1,HF020,99,1,HF031,115,5,HA011,123,8,HA031,133,3,HA021,137,9,HA041,154,3,FB021,158,1,HL011,,,Sink,,,,,,,,,
U611 L14C,77,1,HF010,85,1,HF020,99,1,HF031,114,6,HA021,123,8,HA041,135,2,FB021,158,2,PS023,162,1,HL023,,,Sink,,,,,,,,,,,,
U611 T15P,77,1,HF010,85,1,HF020,99,1,HF031,114,6,HA021,123,8,HA041,135,3,FB021,155,3,FB031,161,1,PS023,162,1,HL023,,,Sink,,,,,,,,,
U613 E41S,78,1,HF010,86,1,HF020,100,1,HF031,112,16,HA011,126,19,HA031,134,15,HA021,141,6,FB011,149,10,HA041,164,8,FB021,183,7,PB011,217,1,PS023,218,1,HL023,,,Sink
U613 E41P,78,1,HF010,86,1,HF020,100,1,HF031,115,16,HA011,130,18,HA031,136,21,HA021,137,21,FB011,155,10,HA041,169,8,FB021,190,5,PB011,217,1,PS023,218,1,HL023,,,Sink
U611 D14S,78,1,HF010,86,1,HF020,100,1,HF031,116,5,HA011,126,7,HA031,128,11,HA021,137,1,FB011,140,8,HA041,154,4,FB021,162,6,PB011,176,1,PS023,177,1,HL023,,,Sink
U612 S16P,78,1,HF010,86,1,HF020,100,1,HF031,114,13,HA011,126,21,HA031,144,11,HA021,151,2,FB011,156,10,HA041,170,4,FB021,184,8,PB011,204,1,PS023,205,1,HL023,,,Sink
U611 B19S,78,1,HF010,86,1,HF020,100,1,HF031,116,5,HA011,126,8,HA031,134,3,HA021,140,9,HA041,155,3,FB021,158,1,HL011,,,Sink,,,,,,,,,
U613 H31C,78,1,HF010,86,1,HF020,100,1,HF031,114,5,HA031,121,15,FB021,143,9,PB011,157,1,HL023,,,Sink,,,,,,,,,,,,,,,
U611 F11C,78,1,HF010,86,1,HF020,100,1,HF031,116,5,HA011,126,7,HA031,127,14,HA021,135,2,FB011,140,16,HA041,164,4,FB021,176,7,PB011,196,1,PS023,197,1,HL034,,,Sink
U611 T17P,78,1,HF010,86,1,HF020,100,1,HF031,115,6,HA021,126,8,HA041,136,3,FB021,157,3,FB031,163,1,PS023,164,1,HL023,,,Sink,,,,,,,,,
U612 B11C,78,1,HF010,86,1,HF020,100,1,HF031,116,5,HA011,126,8,HA031,133,5,HA021,141,11,HA041,158,3,FB021,165,7,PB011,186,1,HL023,,,Sink,,,,,,
U611 D14P,78,1,HF010,86,1,HF020,100,1,HF031,119,5,HA011,127,7,HA031,129,11,HA021,140,1,FB011,141,8,HA041,155,4,FB021,163,6,PB011,176,1,PS023,177,1,HL023,,,Sink
U611 L15C,78,1,HF010,86,1,HF020,100,1,HF031,115,6,HA021,126,8,HA041,136,2,FB021,158,2,PS023,162,1,HL023,,,Sink,,,,,,,,,,,,
U611 D15S,79,1,HF010,87,1,HF020,101,1,HF031,119,5,HA011,127,7,HA031,129,11,HA021,140,1,FB011,141,8,HA041,155,4,FB021,163,6,PB011,176,1,PS023,177,1,HL023,,,Sink
U611 D15P,79,1,HF010,87,1,HF020,101,1,HF031,120,5,HA011,128,7,HA031,130,11,HA021,140,1,FB011,143,8,HA041,156,4,FB021,164,6,PB011,176,1,PS023,177,1,HL023,,,Sink
U613 S18P,79,1,HF010,87,1,HF020,101,1,HF031,116,13,HA011,129,14,HA031,136,10,HA021,143,1,FB011,148,13,HA041,165,4,FB021,177,8,PB011,197,1,PS023,198,1,HL023,,,Sink
U613 S18S,79,1,HF010,87,1,HF020,101,1,HF031,116,13,HA011,127,15,HA031,134,7,HA021,137,5,FB011,143,13,HA041,163,4,FB021,175,8,PB011,192,1,PS023,193,1,HL023,,,Sink
U613 E32P,79,1,HF010,87,1,HF020,101,1,HF031,115,6,HA011,127,12,HA031,135,15,HA021,144,2,FB011,150,11,HA041,165,7,FB021,182,5,PB011,219,1,PS023,220,1,HL023,,,Sink
U613 E42S,79,1,HF010,87,1,HF020,101,1,HF031,109,16,HA011,127,15,HA031,134,17,HA021,144,2,FB011,150,10,HA041,165,8,FB021,185,6,PB011,217,1,PS023,218,1,HL023,,,Sink
U612 S16S,79,1,HF010,87,1,HF020,101,1,HF031,119,13,HA011,129,23,HA031,150,10,HA021,156,2,FB011,161,10,HA041,175,4,FB021,189,8,PB011,206,1,PS023,207,1,HL023,,,Sink
U613 E42P,79,1,HF010,87,1,HF020,101,1,HF031,116,16,HA011,133,16,HA031,137,21,HA021,143,14,FB011,156,10,HA041,170,8,FB021,191,5,PB011,217,1,PS023,218,1,HL023,,,Sink
U613 E32S,79,1,HF010,87,1,HF020,101,1,HF031,120,6,HA011,129,12,HA031,137,18,HA021,149,2,FB011,154,11,HA041,169,7,FB021,183,6,PB011,219,1,PS023,220,1,HL023,,,Sink
U612 S17P,79,1,HF010,87,1,HF020,101,1,HF031,115,13,HA011,127,23,HA031,148,8,HA021,154,2,FB011,157,10,HA041,171,4,FB021,186,8,PB011,204,1,PS023,205,1,HL023,,,Sink
U611 F91C,80,1,HF010,88,1,HF020,102,1,HF031,128,8,HA021,140,4,FB021,150,5,PB011,172,1,HL023,,,Sink,,,,,,,,,,,,,,,
U612 S17S,80,1,HF010,88,1,HF020,102,1,HF031,120,13,HA011,130,23,HA031,151,10,HA021,157,2,FB011,162,10,HA041,176,4,FB021,190,8,PB011,206,1,PS023,207,1,HL023,,,Sink
U613 A21S,84,1,HF010,91,1,HF020,105,1,HF031,116,10,HA011,133,14,HA031,140,24,HA021,155,2,FB011,158,12,HA041,176,4,FB021,184,1,HL011,,,Sink,,,,,,
U611 L16C,84,1,HF010,91,1,HF020,105,1,HF031,120,6,HA021,129,8,HA041,141,2,FB021,162,2,PS023,164,1,HL023,,,Sink,,,,,,,,,,,,
U613 A11C,84,1,HF010,91,1,HF020,105,1,HF031,120,6,HA021,129,32,HA041,177,4,FB021,190,5,PB011,214,1,HL023,,,Sink,,,,,,,,,,,,
U613 A21P,84,1,HF010,91,1,HF020,105,1,HF031,114,10,HA011,129,14,HA031,136,24,HA021,151,2,FB011,156,12,HA041,172,4,FB021,184,1,HL011,,,Sink,,,,,,
U611 D16P,85,1,HF010,92,1,HF020,106,1,HF031,134,5,HA021,143,1,FB011,149,8,HA041,161,4,FB021,169,6,PB011,183,1,PS023,184,1,HL023,,,Sink,,,,,,
U611 D16S,85,1,HF010,92,1,HF020,106,1,HF031,121,6,HA011,130,7,HA031,141,1,FB011,148,8,HA041,158,4,FB021,168,6,PB011,183,1,PS023,184,1,HL023,,,Sink,,,
U612 F41S,85,1,HF010,92,1,HF020,106,1,HF031,126,15,HA011,140,18,HA031,149,11,HA021,156,2,FB011,161,16,HA041,184,5,FB021,196,6,PB011,206,1,PS023,207,1,HL023,,,Sink
U612 T15S,85,1,HF010,92,1,HF020,106,1,HF031,157,6,HA021,168,8,HA041,179,3,FB021,192,1,PS023,,,Sink,,,,,,,,,,,,,,,
U612 S18P,85,1,HF010,92,1,HF020,106,1,HF031,121,13,HA011,134,12,HA031,141,12,HA021,149,1,FB011,151,13,HA041,170,4,FB021,183,8,PB011,200,1,PS023,203,1,HL023,,,Sink
U611 L17C,85,1,HF010,92,1,HF020,106,1,HF031,121,6,HA021,130,8,HA041,143,2,FB021,162,2,PS023,164,1,HL023,,,Sink,,,,,,,,,,,,
U612 F41P,85,1,HF010,92,1,HF020,106,1,HF031,119,15,HA011,130,17,HA031,140,9,HA021,148,2,FB011,151,16,HA041,175,5,FB021,186,6,PB011,206,1,PS023,207,1,HL023,,,Sink
U612 S12S,86,1,HF010,93,1,HF020,107,1,HF031,120,13,HA011,134,10,HA031,140,5,HA021,150,9,HA041,163,4,FB021,176,7,PB011,193,1,PS023,196,1,HL023,,,Sink,,,
U613 S13S,86,1,HF010,93,1,HF020,107,1,HF031,126,13,HA011,136,24,HA031,156,5,HA021,168,10,HA041,183,4,FB021,199,7,PB011,218,1,PS023,219,1,HL023,,,Sink,,,
U611 D17P,86,1,HF010,93,1,HF020,107,1,HF031,126,4,HA011,134,7,HA031,148,1,FB011,150,8,HA041,162,4,FB021,170,6,PB011,183,1,PS023,184,1,HL023,,,Sink,,,
U613 B12S,86,1,HF010,93,1,HF020,107,1,HF031,126,5,HA011,134,8,HA031,143,3,HA021,150,10,HA041,164,3,FB021,169,1,HL011,,,Sink,,,,,,,,,
U613 B12P,86,1,HF010,93,1,HF020,107,1,HF031,123,5,HA011,133,8,HA031,137,5,HA021,149,10,HA041,163,3,FB021,169,1,HL011,,,Sink,,,,,,,,,
U613 S19P,86,1,HF010,93,1,HF020,107,1,HF031,122,13,HA011,135,13,HA031,143,9,HA021,149,2,FB011,154,13,HA041,171,4,FB021,182,8,PB011,197,1,PS023,198,1,HL023,,,Sink
U613 S19S,86,1,HF010,93,1,HF020,107,1,HF031,122,13,HA011,133,15,HA031,140,8,HA021,144,6,FB011,150,13,HA041,169,4,FB021,176,8,PB011,192,1,PS023,193,1,HL023,,,Sink
U611 D17S,86,1,HF010,93,1,HF020,107,1,HF031,122,5,HA011,133,7,HA031,144,1,FB011,149,8,HA041,161,4,FB021,169,6,PB011,183,1,PS023,184,1,HL023,,,Sink,,,
U612 S12P,86,1,HF010,93,1,HF020,107,1,HF031,119,13,HA011,133,10,HA031,137,5,HA021,149,9,HA041,162,4,FB021,171,7,PB011,192,1,PS023,193,1,HL023,,,Sink,,,
U611 F71C,86,1,HF010,93,1,HF020,107,1,HF031,133,12,HA021,161,5,PB011,172,1,HL023,,,Sink,,,,,,,,,,,,,,,,,,
U611 D91P,87,1,HF010,94,1,HF020,108,1,HF031,134,10,HA021,150,4,FB021,164,6,PB011,177,1,HL023,,,Sink,,,,,,,,,,,,,,,
U613 E52S,87,1,HF010,94,1,HF020,108,1,HF031,123,12,HA011,140,12,HA031,150,14,HA021,158,2,FB011,163,10,HA041,177,8,FB021,197,6,PB011,217,1,PS023,218,1,HL023,,,Sink
U613 F21P,87,1,HF010,94,1,HF020,108,1,HF031,122,12,HA011,134,13,HA031,144,10,HA021,150,3,FB011,155,12,HA041,171,2,FB021,179,1,HL011,263,1,PS023,,,Sink,,,
U613 F21S,87,1,HF010,94,1,HF020,108,1,HF031,123,12,HA011,135,15,HA031,148,7,HA021,151,5,FB011,156,12,HA041,172,2,FB021,179,1,HL011,,,Sink,,,,,,
U613 S13P,87,1,HF010,94,1,HF020,108,1,HF031,123,13,HA011,134,24,HA031,154,5,HA021,164,10,HA041,182,4,FB021,193,8,PB011,214,1,PS023,217,1,HL023,,,Sink,,,
U611 D91S,87,1,HF010,94,1,HF020,108,1,HF031,134,10,HA021,150,4,FB021,164,6,PB011,177,1,HL023,,,Sink,,,,,,,,,,,,,,,
U612 H31C,87,1,HF010,94,1,HF020,108,1,HF031,122,5,HA031,129,15,FB021,154,9,PB011,165,1,HL023,,,Sink,,,,,,,,,,,,,,,
U613 E51S,88,1,HF010,95,1,HF020,109,1,HF031,126,14,HA011,143,9,HA031,148,14,HA021,155,4,FB011,161,14,HA041,182,8,FB021,196,6,PB011,217,1,PS023,218,1,HL023,,,Sink
U613 E52P,88,1,HF010,95,1,HF020,109,1,HF031,120,12,HA011,135,12,HA031,144,17,HA021,155,2,FB011,158,10,HA041,172,7,FB021,193,6,PB011,217,1,PS023,218,1,HL023,,,Sink
U613 F31P,88,1,HF010,95,1,HF020,109,1,HF031,126,6,HA011,135,10,HA031,143,14,HA021,151,5,FB011,156,12,HA041,172,4,FB021,184,1,HL011,266,1,PS023,,,Sink,,,
U613 F31S,88,1,HF010,95,1,HF020,109,1,HF031,127,6,HA011,136,10,HA031,143,15,HA021,154,2,FB011,157,12,HA041,175,4,FB021,184,1,HL011,,,Sink,,,,,,
U613 S14P,88,1,HF010,95,1,HF020,109,1,HF031,123,13,HA011,135,23,HA031,155,5,HA021,165,10,HA041,182,4,FB021,196,8,PB011,218,1,PS023,219,1,HL023,,,Sink,,,
U612 S18S,91,1,HF010,98,1,HF020,112,1,HF031,127,13,HA011,136,16,HA031,144,10,HA021,150,3,FB011,155,13,HA041,172,4,FB021,182,8,PB011,203,1,PS023,204,1,HL023,,,Sink
U613 S14S,91,1,HF010,98,1,HF020,112,1,HF031,128,13,HA011,140,25,HA031,158,5,HA021,170,10,HA041,185,5,FB021,199,8,PB011,220,1,PS023,221,1,HL023,,,Sink,,,
U613 E51P,91,1,HF010,98,1,HF020,112,1,HF031,119,14,HA011,137,8,HA031,141,16,HA021,150,4,FB011,156,14,HA041,176,7,FB021,191,6,PB011,217,1,PS023,218,1,HL023,,,Sink
U613 S15P,91,1,HF010,98,1,HF020,112,1,HF031,126,13,HA011,136,24,HA031,156,11,HA021,161,3,FB011,168,10,HA041,183,4,FB021,198,7,PB011,218,1,PS023,219,1,HL023,,,Sink
U613 B51P,91,1,HF010,98,1,HF020,112,1,HF031,127,6,HA011,136,14,HA031,154,8,HA021,158,2,FB011,163,11,HA041,179,4,FB021,193,7,PB011,212,1,HL023,,,Sink,,,
U613 E21S,91,1,HF010,98,1,HF020,112,1,HF031,126,13,HA011,140,15,HA031,150,14,HA021,158,2,FB011,163,10,HA041,177,6,FB021,190,6,PB011,212,1,PS023,214,1,HL023,,,Sink
U613 E21P,91,1,HF010,98,1,HF020,112,1,HF031,122,13,HA011,136,16,HA031,148,14,HA021,156,2,FB011,161,10,HA041,175,5,FB021,186,6,PB011,212,1,PS023,214,1,HL023,,,Sink
U613 B51S,91,1,HF010,98,1,HF020,112,1,HF031,133,6,HA011,144,14,HA031,161,8,HA021,165,2,FB011,170,11,HA041,186,4,FB021,196,7,PB011,212,1,HL023,,,Sink,,,
U612 S19P,91,1,HF010,98,1,HF020,112,1,HF031,127,13,HA011,140,12,HA031,149,6,HA021,154,2,FB011,157,13,HA041,176,4,FB021,185,8,PB011,200,1,PS023,203,1,HL023,,,Sink
U613 B58P,91,1,HF010,98,1,HF020,112,1,HF031,133,6,HA011,144,14,HA031,158,12,HA021,165,2,FB011,170,14,HA041,191,4,FB021,199,7,PB011,220,1,HL034,,,Sink,,,
U613 B14S,92,1,HF010,99,1,HF020,113,1,HF031,130,5,HA011,140,8,HA031,150,3,HA021,156,9,HA041,169,3,FB021,175,1,HL011,,,Sink,,,,,,,,,
U613 B14P,92,1,HF010,99,1,HF020,113,1,HF031,129,5,HA011,137,8,HA031,144,5,HA021,155,9,HA041,168,3,FB021,175,1,HL011,,,Sink,,,,,,,,,
U613 E13C,92,1,HF010,99,1,HF020,113,1,HF031,129,5,HA021,137,14,HA041,162,2,FB021,164,1,HL011,,,Sink,,,,,,,,,,,,,,,
U613 F33C,92,1,HF010,99,1,HF020,113,1,HF031,137,10,HA031,144,17,HA021,155,2,FB011,158,13,HA041,177,4,FB021,184,1,HL011,,,Sink,,,,,,,,,
U613 S15S,92,1,HF010,99,1,HF020,113,1,HF031,129,13,HA011,141,25,HA031,161,9,HA021,164,3,FB011,171,10,HA041,186,5,FB021,200,8,PB011,220,1,PS023,221,1,HL023,,,Sink
U611 D18P,92,1,HF010,99,1,HF020,113,1,HF031,134,4,HA011,141,7,HA031,155,1,FB011,157,8,HA041,169,4,FB021,184,6,PB011,204,1,PS023,205,1,HL023,,,Sink,,,
U613 S11S,93,1,HF010,100,1,HF020,114,1,HF031,133,7,HA011,144,8,HA031,151,10,HA021,157,2,FB011,162,13,HA041,183,4,FB021,196,8,PB011,211,1,PS023,212,1,HL023,,,Sink
U613 S11P,93,1,HF010,100,1,HF020,114,1,HF031,128,7,HA011,140,8,HA031,149,7,HA021,154,3,FB011,157,13,HA041,177,4,FB021,193,7,PB011,211,1,PS023,212,1,HL023,,,Sink
U611 D18S,93,1,HF010,100,1,HF020,114,1,HF031,133,4,HA011,140,7,HA031,151,1,FB011,156,8,HA041,168,4,FB021,183,6,PB011,204,1,PS023,205,1,HL023,,,Sink,,,
U613 S16P,94,1,HF010,101,1,HF020,115,1,HF031,129,13,HA011,141,25,HA031,162,8,HA021,168,2,FB011,171,10,HA041,186,4,FB021,199,8,PB011,219,1,PS023,220,1,HL023,,,Sink
U613 B15P,94,1,HF010,101,1,HF020,115,1,HF031,133,5,HA011,141,8,HA031,149,10,HA021,157,9,HA041,170,3,FB021,176,1,HL011,,,Sink,,,,,,,,,
U613 B15S,94,1,HF010,101,1,HF020,115,1,HF031,134,5,HA011,143,8,HA031,154,3,HA021,158,9,HA041,171,3,FB021,176,1,HL011,,,Sink,,,,,,,,,
U613 B16P,94,1,HF010,101,1,HF020,115,1,HF031,133,5,HA011,141,8,HA031,149,5,HA021,157,9,HA041,170,2,FB021,177,1,HL011,,,Sink,,,,,,,,,
U611 D19P,94,1,HF010,101,1,HF020,115,1,HF031,144,5,HA021,156,1,FB011,158,8,HA041,170,4,FB021,191,6,PB011,204,1,PS023,205,1,HL023,,,Sink,,,,,,
U611 D19S,94,1,HF010,101,1,HF020,115,1,HF031,133,5,HA011,141,7,HA031,155,1,FB011,157,8,HA041,169,4,FB021,189,6,PB011,204,1,PS023,205,1,HL023,,,Sink,,,
U613 B16S,94,1,HF010,101,1,HF020,115,1,HF031,134,5,HA011,143,8,HA031,154,3,HA021,158,9,HA041,171,3,FB021,177,1,HL011,,,Sink,,,,,,,,,
U613 B59P,94,1,HF010,101,1,HF020,115,1,HF031,135,6,HA011,148,12,HA031,158,11,HA021,164,3,FB011,169,14,HA041,190,3,FB021,200,7,PB011,220,1,HL034,,,Sink,,,
U613 B58S,94,1,HF010,101,1,HF020,115,1,HF031,130,6,HA011,141,14,HA031,156,12,HA021,163,2,FB011,168,14,HA041,189,4,FB021,197,7,PB011,218,1,HL034,,,Sink,,,
U613 H21C,95,1,HF010,102,1,HF020,116,1,HF031,130,4,HA031,130,9,HA011,136,4,HA041,143,8,FB021,157,1,HL023,,,Sink,,,,,,,,,,,,
U613 H22C,95,1,HF010,102,1,HF020,116,1,HF031,130,4,HA031,130,10,HA011,136,4,HA041,143,8,FB021,157,1,HL023,,,Sink,,,,,,,,,,,,
U613 H23C,95,1,HF010,102,1,HF020,116,1,HF031,130,4,HA031,130,10,HA011,136,4,HA041,143,8,FB021,157,1,HL023,,,Sink,,,,,,,,,,,,
U612 S19S,95,1,HF010,102,1,HF020,116,1,HF031,133,13,HA011,143,16,HA031,151,9,HA021,156,3,FB011,161,13,HA041,179,4,FB021,186,8,PB011,203,1,PS023,204,1,HL023,,,Sink
U612 B58P,95,1,HF010,102,1,HF020,116,1,HF031,137,6,HA011,151,14,HA031,164,12,HA021,171,2,FB011,176,14,HA041,197,4,FB021,206,7,PB011,226,1,HL034,,,Sink,,,
U613 S16S,95,1,HF010,102,1,HF020,116,1,HF031,134,13,HA011,148,23,HA031,165,10,HA021,171,2,FB011,176,10,HA041,191,4,FB021,204,8,PB011,221,1,PS023,224,1,HL023,,,Sink
U611 F32C,95,1,HF010,102,1,HF020,116,1,HF031,130,6,HA021,143,20,HA041,177,7,PB011,197,1,HL034,,,Sink,,,,,,,,,,,,,,,
U613 S17P,95,1,HF010,102,1,HF020,116,1,HF031,130,13,HA011,143,24,HA031,163,10,HA021,169,2,FB011,172,10,HA041,189,4,FB021,203,8,PB011,219,1,PS023,220,1,HL023,,,Sink
U613 B52S,98,1,HF010,105,1,HF020,119,1,HF031,140,6,HA011,151,12,HA031,162,11,HA021,169,2,FB011,172,14,HA041,193,3,FB021,200,7,PB011,219,1,HL023,,,Sink,,,
U613 B52P,98,1,HF010,105,1,HF020,119,1,HF031,134,6,HA011,144,12,HA031,156,11,HA021,163,2,FB011,168,14,HA041,189,3,FB021,197,7,PB011,217,1,HL023,,,Sink,,,
U612 B58S,98,1,HF010,105,1,HF020,119,1,HF031,134,6,HA011,144,14,HA031,158,12,HA021,165,2,FB011,170,14,HA041,191,4,FB021,203,7,PB011,225,1,HL034,,,Sink,,,
U613 S17S,98,1,HF010,105,1,HF020,119,1,HF031,135,13,HA011,149,23,HA031,168,8,HA021,172,2,FB011,177,10,HA041,192,4,FB021,205,8,PB011,221,1,PS023,224,1,HL023,,,Sink
U612 F21S,98,1,HF010,105,1,HF020,119,1,HF031,134,12,HA011,148,13,HA031,157,9,HA021,162,3,FB011,165,12,HA041,184,2,FB021,190,1,HL011,,,Sink,,,,,,
U612 F21P,98,1,HF010,105,1,HF020,119,1,HF031,133,12,HA011,144,16,HA031,156,7,HA021,161,3,FB011,164,12,HA041,183,2,FB021,190,1,HL011,227,1,PS023,,,Sink,,,
U613 B17S,98,1,HF010,105,1,HF020,119,1,HF031,136,5,HA011,148,8,HA031,156,3,HA021,162,9,HA041,175,3,FB021,179,1,HL011,,,Sink,,,,,,,,,
U613 B17P,98,1,HF010,105,1,HF020,119,1,HF031,135,5,HA011,144,8,HA031,151,5,HA021,161,9,HA041,172,3,FB021,179,1,HL011,,,Sink,,,,,,,,,
U612 F31S,99,1,HF010,106,1,HF020,120,1,HF031,136,6,HA011,149,10,HA031,155,14,HA021,163,2,FB011,168,12,HA041,185,4,FB021,193,1,HL011,,,Sink,,,,,,
U612 F31P,99,1,HF010,106,1,HF020,120,1,HF031,135,6,HA011,148,10,HA031,155,13,HA021,162,3,FB011,165,12,HA041,184,4,FB021,193,1,HL011,228,1,PS023,,,Sink,,,
U613 B18P,99,1,HF010,106,1,HF020,120,1,HF031,144,5,HA011,155,8,HA031,161,5,HA021,169,9,HA041,183,3,FB021,189,1,HL011,,,Sink,,,,,,,,,
U613 B59S,99,1,HF010,106,1,HF020,120,1,HF031,135,6,HA011,148,12,HA031,161,7,HA021,169,14,HA041,190,3,FB021,197,7,PB011,218,1,HL034,,,Sink,,,,,,
U613 E23S,99,1,HF010,106,1,HF020,120,1,HF031,134,5,HA021,150,8,HA041,162,2,FB021,164,1,HL011,,,Sink,,,,,,,,,,,,,,,
U613 F11C,99,1,HF010,106,1,HF020,120,1,HF031,136,5,HA011,148,7,HA031,149,14,HA021,157,2,FB011,162,16,HA041,185,4,FB021,196,7,PB011,218,1,PS023,219,1,HL034,,,Sink
U612 T11S,100,1,HF010,107,1,HF020,121,1,HF031,137,6,HA021,150,8,HA041,162,3,FB021,170,4,FB031,185,1,PS023,186,1,HL023,,,Sink,,,,,,,,,
U612 T11P,100,1,HF010,107,1,HF020,121,1,HF031,136,6,HA021,149,8,HA041,161,3,FB021,169,3,FB031,185,1,PS023,186,1,HL023,,,Sink,,,,,,,,,
U612 T12S,100,1,HF010,107,1,HF020,121,1,HF031,140,6,HA021,151,8,HA041,164,3,FB021,189,1,PS023,190,1,HL023,,,Sink,,,,,,,,,,,,
U612 B59P,100,1,HF010,107,1,HF020,121,1,HF031,141,6,HA011,154,12,HA031,164,11,HA021,170,3,FB011,175,14,HA041,196,3,FB021,210,7,PB011,226,1,HL034,,,Sink,,,
U611 AE13C,100,10,HP011,114,8,FP011,128,6,PP011,155,1,HL023,,,Sink,,,,,,,,,,,,,,,,,,,,,,,,
U613 E23P,100,1,HF010,107,1,HF020,121,1,HF031,134,5,HA021,149,8,HA041,162,2,FB021,164,1,HL011,,,Sink,,,,,,,,,,,,,,,
U613 E22S,100,1,HF010,107,1,HF020,121,1,HF031,141,5,HA021,154,8,HA041,164,2,FB021,169,1,HL011,,,Sink,,,,,,,,,,,,,,,
U613 B19P,100,1,HF010,107,1,HF020,121,1,HF031,148,5,HA011,156,8,HA031,162,5,HA021,170,9,HA041,184,3,FB021,189,1,HL011,,,Sink,,,,,,,,,
U612 T12P,101,1,HF010,108,1,HF020,122,1,HF031,137,6,HA021,150,8,HA041,162,3,FB021,169,3,FB031,189,1,PS023,190,1,HL023,,,Sink,,,,,,,,,
U613 E22P,101,1,HF010,108,1,HF020,122,1,HF031,141,5,HA021,154,8,HA041,164,2,FB021,169,1,HL011,,,Sink,,,,,,,,,,,,,,,
U612 E39C,101,1,HF010,108,1,HF020,122,1,HF031,149,8,HA021,161,4,FB021,169,5,PB011,198,1,HL023,,,Sink,,,,,,,,,,,,,,,
U612 B59S,101,1,HF010,108,1,HF020,122,1,HF031,137,6,HA011,150,12,HA031,163,7,HA021,171,14,HA041,192,3,FB021,204,7,PB011,225,1,HL034,,,Sink,,,,,,
U612 F33C,101,1,HF010,108,1,HF020,122,1,HF031,150,10,HA031,156,14,HA021,164,2,FB011,169,13,HA041,189,4,FB021,193,1,HL011,,,Sink,,,,,,,,,
U612 D11P,101,1,HF010,108,1,HF020,122,1,HF031,150,7,HA031,155,8,HA021,163,1,FB011,165,8,HA041,177,5,FB021,193,5,PB011,207,1,PS023,210,1,HL023,,,Sink,,,
U612 D12S,101,1,HF010,108,1,HF020,122,1,HF031,140,5,HA011,150,7,HA031,154,9,HA021,162,1,FB011,164,8,HA041,176,4,FB021,189,5,PB011,205,1,PS023,206,1,HL023,,,Sink
U612 D12P,101,1,HF010,108,1,HF020,122,1,HF031,141,5,HA011,151,7,HA031,155,11,HA021,163,1,FB011,165,8,HA041,177,5,FB021,190,6,PB011,205,1,PS023,206,1,HL023,,,Sink
U612 D11S,101,1,HF010,108,1,HF020,122,1,HF031,140,5,HA011,150,7,HA031,154,9,HA021,163,1,FB011,164,8,HA041,176,5,FB021,191,6,PB011,207,1,PS023,210,1,HL023,,,Sink
U612 B13P,102,5,HA011,112,8,HA031,116,5,HA021,126,9,HA041,137,3,FB021,148,1,HL011,,,Sink,,,,,,,,,,,,,,,,,,
U613 B18S,102,1,HF010,109,1,HF020,123,1,HF031,141,5,HA011,151,8,HA031,161,3,HA021,165,9,HA041,179,3,FB021,185,1,HL011,,,Sink,,,,,,,,,
U612 D13P,102,1,HF010,109,1,HF020,123,1,HF031,157,5,HA021,165,1,FB011,169,8,HA041,182,4,FB021,191,6,PB011,205,1,PS023,206,1,HL023,,,Sink,,,,,,
U612 T17S,105,1,HF010,112,1,HF020,126,1,HF031,150,6,HA021,161,8,HA041,171,3,FB021,192,1,PS023,193,1,HL023,,,Sink,,,,,,,,,,,,
U613 B11C,105,1,HF010,112,1,HF020,126,1,HF031,143,5,HA011,154,8,HA031,161,5,HA021,169,11,HA041,185,3,FB021,192,7,PB011,212,1,HL023,,,Sink,,,,,,
U613 B19S,105,1,HF010,112,1,HF020,126,1,HF031,143,5,HA011,154,8,HA031,162,3,HA021,168,9,HA041,182,3,FB021,185,1,HL011,,,Sink,,,,,,,,,
U611 AE12C,105,10,HP011,119,11,FP011,135,7,PP011,155,1,HL023,,,Sink,,,,,,,,,,,,,,,,,,,,,,,,
U613 T15S,105,1,HF010,112,1,HF020,126,1,HF031,177,6,HA021,189,8,HA041,199,3,FB021,212,1,PS023,,,Sink,,,,,,,,,,,,,,,
U612 D13S,105,1,HF010,112,1,HF020,126,1,HF031,143,5,HA011,154,7,HA031,156,11,HA021,164,1,FB011,168,8,HA041,179,4,FB021,190,6,PB011,205,1,PS023,206,1,HL023,,,Sink
U612 H23C,105,1,HF010,112,1,HF020,126,1,HF031,140,4,HA031,140,9,HA011,148,4,HA041,154,8,FB021,165,1,HL023,,,Sink,,,,,,,,,,,,
U613 F91C,105,1,HF010,112,1,HF020,126,1,HF031,154,8,HA021,164,4,FB021,175,5,PB011,196,1,HL023,,,Sink,,,,,,,,,,,,,,,
U612 H22C,105,1,HF010,112,1,HF020,126,1,HF031,140,4,HA031,140,9,HA011,148,4,HA041,154,8,FB021,165,1,HL023,,,Sink,,,,,,,,,,,,
U612 H21C,105,1,HF010,112,1,HF020,126,1,HF031,140,4,HA031,140,8,HA011,148,4,HA041,154,8,FB021,165,1,HL023,,,Sink,,,,,,,,,,,,
U612 B18P,105,1,HF010,112,1,HF020,126,1,HF031,151,5,HA011,161,8,HA031,165,5,HA021,175,9,HA041,189,3,FB021,193,1,HL011,,,Sink,,,,,,,,,
U612 B13S,105,5,HA011,113,8,HA031,127,9,HA041,140,3,FB021,148,1,HL011,,,Sink,,,,,,,,,,,,,,,,,,,,,
U612 A31P,106,1,HF010,113,1,HF020,127,1,HF031,134,13,HA011,156,10,HA031,163,13,HA021,170,3,FB011,175,12,HA041,192,3,FB021,199,1,HL011,,,Sink,,,,,,
U612 A31S,106,1,HF010,113,1,HF020,127,1,HF031,135,13,HA011,157,10,HA031,164,13,HA021,171,3,FB011,176,12,HA041,193,3,FB021,199,1,HL011,,,Sink,,,,,,
U612 B19P,106,1,HF010,113,1,HF020,127,1,HF031,154,5,HA011,162,8,HA031,168,5,HA021,176,9,HA041,190,3,FB021,193,1,HL011,,,Sink,,,,,,,,,
U612 B18S,106,1,HF010,113,1,HF020,127,1,HF031,144,5,HA011,155,8,HA031,163,3,HA021,169,9,HA041,183,3,FB021,189,1,HL011,,,Sink,,,,,,,,,
U613 S12P,107,1,HF010,114,1,HF020,128,1,HF031,140,13,HA011,156,10,HA031,162,5,HA021,170,9,HA041,184,4,FB021,196,7,PB011,214,1,PS023,217,1,HL023,,,Sink,,,
U612 L12C,107,1,HF010,114,1,HF020,128,1,HF031,144,6,HA021,156,8,HA041,168,2,FB021,186,2,PS023,190,1,HL023,,,Sink,,,,,,,,,,,,
U612 B19S,107,1,HF010,114,1,HF020,128,1,HF031,148,5,HA011,156,8,HA031,164,3,HA021,170,9,HA041,184,3,FB021,189,1,HL011,,,Sink,,,,,,,,,
U612 L11C,107,1,HF010,114,1,HF020,128,1,HF031,144,6,HA021,156,8,HA041,168,2,FB021,184,2,PS023,186,1,HL023,,,Sink,,,,,,,,,,,,
U612 T14S,108,1,HF010,115,1,HF020,129,1,HF031,149,6,HA021,158,8,HA041,170,3,FB021,191,1,PS023,192,1,HL023,,,Sink,,,,,,,,,,,,
U612 F11C,108,1,HF010,115,1,HF020,129,1,HF031,149,5,HA011,157,7,HA031,158,14,HA021,168,2,FB011,171,16,HA041,196,4,FB021,205,7,PB011,228,1,PS023,238,1,HL034,,,Sink
U612 E91C,108,1,HF010,115,1,HF020,129,1,HF031,144,5,HA011,157,10,HA031,164,11,HA021,171,2,FB011,176,10,HA041,191,8,FB021,205,6,PB011,220,1,PS023,,,Sink,,,
U612 T14P,108,1,HF010,115,1,HF020,129,1,HF031,148,6,HA021,157,8,HA041,169,3,FB021,177,3,FB031,191,1,PS023,192,1,HL023,,,Sink,,,,,,,,,
U611 AB12C,108,8,HP011,120,6,FP011,129,7,PP011,156,1,HL023,,,Sink,,,,,,,,,,,,,,,,,,,,,,,,
U613 F71C,108,1,HF010,115,1,HF020,129,1,HF031,157,12,HA021,184,5,PB011,196,1,HL023,,,Sink,,,,,,,,,,,,,,,,,,
U613 S12S,108,1,HF010,115,1,HF020,129,1,HF031,143,13,HA011,158,12,HA031,164,5,HA021,172,9,HA041,186,4,FB021,200,7,PB011,218,1,PS023,219,1,HL023,,,Sink,,,
U612 L13C,109,1,HF010,116,1,HF020,130,1,HF031,149,6,HA021,158,8,HA041,170,2,FB021,186,2,PS023,190,1,HL023,,,Sink,,,,,,,,,,,,
U612 T17P,109,1,HF010,116,1,HF020,130,1,HF031,149,6,HA021,158,8,HA041,170,3,FB021,179,3,FB031,192,1,PS023,193,1,HL023,,,Sink,,,,,,,,,
U612 T15P,109,1,HF010,116,1,HF020,130,1,HF031,149,6,HA021,158,8,HA041,170,3,FB021,179,3,FB031,191,1,PS023,192,1,HL023,,,Sink,,,,,,,,,
U611 T18P,109,1,HF010,116,1,HF020,130,1,HF031,156,6,HA021,165,8,HA041,177,3,FB021,193,1,PS023,196,1,HL034,,,Sink,,,,,,,,,,,,
U612 L14C,109,1,HF010,116,1,HF020,130,1,HF031,149,6,HA021,158,8,HA041,170,2,FB021,190,2,PS023,192,1,HL023,,,Sink,,,,,,,,,,,,
U611 L18C,112,1,HF010,119,1,HF020,133,1,HF031,150,6,HA021,161,8,HA041,171,2,FB021,189,2,PS023,191,1,HL034,,,Sink,,,,,,,,,,,,
U611 AB13C,112,8,HP011,122,6,FP011,130,7,PP011,156,1,HL023,,,Sink,,,,,,,,,,,,,,,,,,,,,,,,
U612 D14S,112,1,HF010,119,1,HF020,133,1,HF031,151,5,HA011,161,7,HA031,163,11,HA021,172,1,FB011,175,8,HA041,186,4,FB021,196,6,PB011,210,1,PS023,211,1,HL023,,,Sink
U612 D14P,112,1,HF010,119,1,HF020,133,1,HF031,154,5,HA011,162,7,HA031,164,11,HA021,175,1,FB011,176,8,HA041,189,4,FB021,197,6,PB011,210,1,PS023,211,1,HL023,,,Sink
U612 L15C,112,1,HF010,119,1,HF020,133,1,HF031,150,6,HA021,161,8,HA041,171,2,FB021,190,2,PS023,192,1,HL023,,,Sink,,,,,,,,,,,,
U613 A31S,113,1,HF010,120,1,HF020,134,1,HF031,143,13,HA011,164,10,HA031,171,13,HA021,179,5,FB011,184,12,HA041,200,3,FB021,206,1,HL011,,,Sink,,,,,,
U612 D15S,113,1,HF010,120,1,HF020,134,1,HF031,154,5,HA011,162,7,HA031,164,11,HA021,175,1,FB011,176,8,HA041,189,4,FB021,197,6,PB011,210,1,PS023,211,1,HL023,,,Sink
U612 D15P,113,1,HF010,120,1,HF020,134,1,HF031,155,5,HA011,163,7,HA031,165,11,HA021,175,1,FB011,177,8,HA041,190,4,FB021,198,6,PB011,210,1,PS023,211,1,HL023,,,Sink
U613 A31P,113,1,HF010,120,1,HF020,134,1,HF031,141,13,HA011,163,10,HA031,170,13,HA021,177,4,FB011,183,12,HA041,199,3,FB021,206,1,HL011,,,Sink,,,,,,
U611 L19C,114,1,HF010,121,1,HF020,135,1,HF031,154,6,HA021,163,8,HA041,175,2,FB021,189,2,PS023,191,1,HL034,,,Sink,,,,,,,,,,,,
U612 L16C,114,1,HF010,121,1,HF020,135,1,HF031,154,6,HA021,163,8,HA041,175,2,FB021,191,2,PS023,193,1,HL023,,,Sink,,,,,,,,,,,,
U611 T18S,114,1,HF010,121,1,HF020,135,1,HF031,154,6,HA021,163,8,HA041,175,3,FB021,190,1,PS023,191,1,HL034,,,Sink,,,,,,,,,,,,
U613 D18P,115,1,HF010,122,1,HF020,136,1,HF031,161,4,HA011,168,7,HA031,179,1,FB011,183,8,HA041,193,4,FB021,204,6,PB011,227,1,PS023,228,1,HL023,,,Sink,,,
U612 L17C,115,1,HF010,122,1,HF020,136,1,HF031,155,6,HA021,164,8,HA041,176,2,FB021,191,2,PS023,193,1,HL023,,,Sink,,,,,,,,,,,,
U612 F91C,115,1,HF010,122,1,HF020,136,1,HF031,164,8,HA021,176,4,FB021,185,5,PB011,207,1,HL023,,,Sink,,,,,,,,,,,,,,,
U613 F32C,115,1,HF010,122,1,HF020,136,1,HF031,154,6,HA021,164,20,HA041,197,7,PB011,219,1,HL034,,,Sink,,,,,,,,,,,,,,,
U613 D18S,116,1,HF010,123,1,HF020,137,1,HF031,158,4,HA011,165,7,HA031,176,1,FB011,182,8,HA041,192,4,FB021,200,6,PB011,227,1,PS023,228,1,HL023,,,Sink,,,
U611 AB14C,116,8,HP011,128,6,FP011,136,7,PP011,162,1,HL023,,,Sink,,,,,,,,,,,,,,,,,,,,,,,,
U612 D16S,119,1,HF010,126,1,HF020,140,1,HF031,157,6,HA011,168,7,HA031,177,1,FB011,183,8,HA041,193,4,FB021,203,6,PB011,217,1,PS023,218,1,HL023,,,Sink,,,
U613 D12P,119,1,HF010,126,1,HF020,140,1,HF031,161,5,HA011,169,7,HA031,171,11,HA021,182,1,FB011,184,8,HA041,196,5,FB021,206,6,PB011,221,1,PS023,224,1,HL023,,,Sink
U611 AB15C,119,8,HP011,129,6,FP011,137,7,PP011,162,1,HL023,,,Sink,,,,,,,,,,,,,,,,,,,,,,,,
U612 D16P,119,1,HF010,126,1,HF020,140,1,HF031,170,5,HA021,179,1,FB011,184,8,HA041,196,4,FB021,204,6,PB011,217,1,PS023,218,1,HL023,,,Sink,,,,,,
U613 D12S,119,1,HF010,126,1,HF020,140,1,HF031,158,5,HA011,168,7,HA031,170,11,HA021,179,1,FB011,183,8,HA041,193,4,FB021,205,5,PB011,221,1,PS023,224,1,HL023,,,Sink
U613 D19S,119,1,HF010,126,1,HF020,140,1,HF031,158,5,HA011,168,7,HA031,179,1,FB011,183,8,HA041,193,4,FB021,204,6,PB011,227,1,PS023,228,1,HL023,,,Sink,,,
U613 D19P,119,1,HF010,126,1,HF020,140,1,HF031,170,5,HA021,182,1,FB011,184,8,HA041,196,4,FB021,205,6,PB011,227,1,PS023,228,1,HL023,,,Sink,,,,,,
U613 D13P,120,1,HF010,127,1,HF020,141,1,HF031,175,5,HA021,184,1,FB011,186,8,HA041,198,4,FB021,207,6,PB011,221,1,PS023,224,1,HL023,,,Sink,,,,,,
U612 D17P,120,1,HF010,127,1,HF020,141,1,HF031,162,4,HA011,170,7,HA031,183,1,FB011,185,8,HA041,197,4,FB021,205,6,PB011,217,1,PS023,218,1,HL023,,,Sink,,,
U612 F71C,120,1,HF010,127,1,HF020,141,1,HF031,169,12,HA021,196,5,PB011,207,1,HL023,,,Sink,,,,,,,,,,,,,,,,,,
U612 D91S,120,1,HF010,127,1,HF020,141,1,HF031,169,10,HA021,184,4,FB021,198,6,PB011,211,1,HL023,,,Sink,,,,,,,,,,,,,,,
U612 D91P,120,1,HF010,127,1,HF020,141,1,HF031,169,10,HA021,184,4,FB021,197,6,PB011,211,1,HL023,,,Sink,,,,,,,,,,,,,,,
U612 D17S,120,1,HF010,127,1,HF020,141,1,HF031,158,5,HA011,169,7,HA031,182,1,FB011,184,8,HA041,196,4,FB021,204,6,PB011,217,1,PS023,218,1,HL023,,,Sink,,,
U613 D13S,121,1,HF010,128,1,HF020,143,1,HF031,162,5,HA011,170,7,HA031,172,12,HA021,183,1,FB011,185,8,HA041,197,4,FB021,206,6,PB011,221,1,PS023,224,1,HL023,,,Sink
U611 AB16C,122,8,HP011,134,3,FP011,137,7,PP011,164,1,HL023,,,Sink,,,,,,,,,,,,,,,,,,,,,,,,
U613 D14S,123,1,HF010,130,1,HF020,148,1,HF031,164,5,HA011,172,7,HA031,176,12,HA021,186,1,FB011,189,8,HA041,199,4,FB021,207,6,PB011,221,1,PS023,224,1,HL023,,,Sink
U613 D14P,123,1,HF010,130,1,HF020,148,1,HF031,165,5,HA011,175,7,HA031,177,12,HA021,189,1,FB011,190,8,HA041,200,4,FB021,210,6,PB011,221,1,PS023,224,1,HL023,,,Sink
U613 T12S,123,1,HF010,130,1,HF020,148,1,HF031,165,6,HA021,176,8,HA041,190,3,FB021,211,1,PS023,212,1,HL023,,,Sink,,,,,,,,,,,,
U612 D18P,123,1,HF010,130,1,HF020,148,1,HF031,169,4,HA011,176,7,HA031,189,1,FB011,191,8,HA041,203,4,FB021,213,6,PB011,240,1,PS023,241,1,HL023,,,Sink,,,
U611 AB17C,123,8,HP011,135,3,FP011,140,7,PP011,164,1,HL023,,,Sink,,,,,,,,,,,,,,,,,,,,,,,,
U613 E39C,123,1,HF010,130,1,HF020,148,1,HF031,171,8,HA021,184,4,FB021,197,5,PB011,220,1,HL023,,,Sink,,,,,,,,,,,,,,,
U613 T11P,126,1,HF010,133,1,HF020,149,1,HF031,164,6,HA021,175,8,HA041,186,3,FB021,196,3,FB031,211,1,PS023,212,1,HL023,,,Sink,,,,,,,,,
U613 D11S,126,1,HF010,133,1,HF020,149,1,HF031,165,5,HA011,175,7,HA031,177,12,HA021,189,1,FB011,190,8,HA041,200,5,FB021,217,6,PB011,238,1,PS023,239,1,HL023,,,Sink
U612 D18S,126,1,HF010,133,1,HF020,149,1,HF031,168,4,HA011,175,7,HA031,185,1,FB011,190,8,HA041,200,4,FB021,211,6,PB011,240,1,PS023,241,1,HL023,,,Sink,,,
U613 D15P,126,1,HF010,133,1,HF020,149,1,HF031,168,5,HA011,176,7,HA031,179,11,HA021,189,1,FB011,191,8,HA041,203,4,FB021,211,6,PB011,221,1,PS023,224,1,HL023,,,Sink
U613 T17S,126,1,HF010,133,1,HF020,149,1,HF031,171,6,HA021,183,8,HA041,193,3,FB021,211,1,PS023,212,1,HL023,,,Sink,,,,,,,,,,,,
U613 D15S,126,1,HF010,133,1,HF020,149,1,HF031,165,5,HA011,175,7,HA031,177,12,HA021,189,1,FB011,190,8,HA041,200,4,FB021,210,6,PB011,221,1,PS023,224,1,HL023,,,Sink
U613 T11S,126,1,HF010,133,1,HF020,149,1,HF031,165,6,HA021,176,8,HA041,189,3,FB021,197,4,FB031,211,1,PS023,212,1,HL023,,,Sink,,,,,,,,,
U613 T12P,126,1,HF010,133,1,HF020,149,1,HF031,164,6,HA021,175,8,HA041,186,3,FB021,193,3,FB031,211,1,PS023,212,1,HL023,,,Sink,,,,,,,,,
U613 D11P,126,1,HF010,133,1,HF020,149,1,HF031,179,5,HA021,189,1,FB011,191,8,HA041,203,5,FB021,217,5,PB011,238,1,PS023,239,1,HL023,,,Sink,,,,,,
U612 F32C,126,1,HF010,133,1,HF020,149,1,HF031,163,6,HA021,175,20,HA041,211,7,PB011,238,1,HL034,,,Sink,,,,,,,,,,,,,,,
U612 D19S,127,1,HF010,134,1,HF020,150,1,HF031,168,5,HA011,176,7,HA031,189,1,FB011,191,8,HA041,203,4,FB021,213,6,PB011,240,1,PS023,241,1,HL023,,,Sink,,,
U613 D16S,127,1,HF010,134,1,HF020,150,1,HF031,165,6,HA011,176,7,HA031,186,1,FB011,191,8,HA041,203,4,FB021,211,6,PB011,225,1,PS023,226,1,HL023,,,Sink,,,
U612 D19P,127,1,HF010,134,1,HF020,150,1,HF031,179,5,HA021,190,1,FB011,192,8,HA041,204,4,FB021,214,6,PB011,240,1,PS023,241,1,HL023,,,Sink,,,,,,
U613 B13P,127,5,HA011,135,8,HA031,141,5,HA021,151,9,HA041,164,3,FB021,171,1,HL011,,,Sink,,,,,,,,,,,,,,,,,,
U613 D16P,127,1,HF010,134,1,HF020,150,1,HF031,179,5,HA021,189,1,FB011,192,8,HA041,204,4,FB021,212,6,PB011,225,1,PS023,226,1,HL023,,,Sink,,,,,,
U613 D17P,128,1,HF010,135,1,HF020,151,1,HF031,170,4,HA011,179,7,HA031,191,1,FB011,193,8,HA041,205,4,FB021,213,6,PB011,225,1,PS023,226,1,HL023,,,Sink,,,
U613 B13S,128,5,HA011,136,8,HA031,154,9,HA041,165,3,FB021,171,1,HL011,,,Sink,,,,,,,,,,,,,,,,,,,,,
U613 D17S,128,1,HF010,135,1,HF020,151,1,HF031,168,5,HA011,177,7,HA031,190,1,FB011,192,8,HA041,204,4,FB021,212,6,PB011,225,1,PS023,226,1,HL023,,,Sink,,,
U611 PH21C,129,56,FP023,169,30,PP023,,,Sink,,,,,,,,,,,,,,,,,,,,,,,,,,,,,,
U613 T17P,130,1,HF010,137,1,HF020,155,1,HF031,170,6,HA021,182,8,HA041,192,3,FB021,204,3,FB031,211,1,PS023,212,1,HL023,,,Sink,,,,,,,,,
U613 L12C,130,1,HF010,137,1,HF020,155,1,HF031,170,6,HA021,182,8,HA041,192,2,FB021,210,2,PS023,212,1,HL023,,,Sink,,,,,,,,,,,,
U613 T14P,130,1,HF010,137,1,HF020,155,1,HF031,170,6,HA021,182,8,HA041,192,3,FB021,200,3,FB031,211,1,PS023,212,1,HL023,,,Sink,,,,,,,,,
U613 T14S,130,1,HF010,137,1,HF020,155,1,HF031,171,6,HA021,183,8,HA041,193,3,FB021,211,1,PS023,212,1,HL023,,,Sink,,,,,,,,,,,,
U611 AA21C,130,9,HP011,144,3,FP011,150,8,PP011,176,1,HL023,,,Sink,,,,,,,,,,,,,,,,,,,,,,,,
U613 L14C,133,1,HF010,140,1,HF020,156,1,HF031,171,6,HA021,183,8,HA041,193,2,FB021,210,2,PS023,212,1,HL023,,,Sink,,,,,,,,,,,,
U613 L11C,133,1,HF010,140,1,HF020,156,1,HF031,171,6,HA021,183,8,HA041,193,2,FB021,210,2,PS023,212,1,HL023,,,Sink,,,,,,,,,,,,
U613 T15P,133,1,HF010,140,1,HF020,156,1,HF031,171,6,HA021,183,8,HA041,193,3,FB021,203,3,FB031,211,1,PS023,212,1,HL023,,,Sink,,,,,,,,,
U613 D91S,133,1,HF010,140,1,HF020,156,1,HF031,183,10,HA021,197,4,FB021,211,6,PB011,224,1,HL023,,,Sink,,,,,,,,,,,,,,,
U613 D91P,133,1,HF010,140,1,HF020,156,1,HF031,183,10,HA021,197,4,FB021,210,6,PB011,224,1,HL023,,,Sink,,,,,,,,,,,,,,,
U613 T18P,134,1,HF010,141,1,HF020,157,1,HF031,182,6,HA021,191,8,HA041,203,3,FB021,219,1,PS023,220,1,HL034,,,Sink,,,,,,,,,,,,
U613 L13C,134,1,HF010,141,1,HF020,157,1,HF031,172,6,HA021,184,8,HA041,196,2,FB021,210,2,PS023,212,1,HL023,,,Sink,,,,,,,,,,,,
U613 L15C,134,1,HF010,141,1,HF020,157,1,HF031,172,6,HA021,184,8,HA041,196,2,FB021,210,2,PS023,212,1,HL023,,,Sink,,,,,,,,,,,,
U613 L16C,135,1,HF010,143,1,HF020,158,1,HF031,175,6,HA021,185,8,HA041,197,2,FB021,210,2,PS023,212,1,HL023,,,Sink,,,,,,,,,,,,
U612 AE13C,135,10,HP011,151,8,FP011,165,6,PP011,189,1,HL023,,,Sink,,,,,,,,,,,,,,,,,,,,,,,,
U613 L18C,136,1,HF010,144,1,HF020,161,1,HF031,176,6,HA021,186,8,HA041,198,2,FB021,214,2,PS023,218,1,HL034,,,Sink,,,,,,,,,,,,
U613 E91C,136,1,HF010,144,1,HF020,161,1,HF031,175,5,HA011,186,10,HA031,193,11,HA021,200,2,FB011,205,10,HA041,219,8,FB021,240,6,PB011,256,1,PS023,,,Sink,,,
U613 L17C,136,1,HF010,144,1,HF020,161,1,HF031,176,6,HA021,186,8,HA041,198,2,FB021,210,2,PS023,212,1,HL023,,,Sink,,,,,,,,,,,,
U613 L19C,140,1,HF010,149,1,HF020,163,1,HF031,179,6,HA021,190,8,HA041,200,2,FB021,214,2,PS023,218,1,HL034,,,Sink,,,,,,,,,,,,
U613 T18S,140,1,HF010,149,1,HF020,163,1,HF031,179,6,HA021,190,8,HA041,200,3,FB021,217,1,PS023,218,1,HL034,,,Sink,,,,,,,,,,,,
U612 AE12C,140,10,HP011,156,11,FP011,172,7,PP011,189,1,HL023,,,Sink,,,,,,,,,,,,,,,,,,,,,,,,
U612 T18P,140,1,HF010,149,1,HF020,163,1,HF031,186,6,HA021,197,8,HA041,207,3,FB021,225,1,PS023,226,1,HL034,,,Sink,,,,,,,,,,,,
U612 L18C,140,1,HF010,149,1,HF020,163,1,HF031,179,6,HA021,190,8,HA041,200,2,FB021,221,2,PS023,225,1,HL034,,,Sink,,,,,,,,,,,,
U614 E11C,141,1,HF010,150,1,HF020,164,1,HF031,179,12,HA011,191,21,HA031,212,4,FB011,220,16,HA041,252,15,FB021,275,7,PB011,298,1,HL023,,,Sink,,,,,,
U614 E12C,141,1,HF010,150,1,HF020,164,1,HF031,176,13,HA011,191,16,HA031,199,21,HA021,206,12,FB011,217,15,HA041,245,2,FB021,249,1,HL011,,,Sink,,,,,,
U612 T18S,143,1,HF010,151,1,HF020,165,1,HF031,183,6,HA021,192,8,HA041,204,3,FB021,224,1,PS023,225,1,HL034,,,Sink,,,,,,,,,,,,
U612 AB12C,143,8,HP011,156,6,FP011,165,7,PP011,190,1,HL023,,,Sink,,,,,,,,,,,,,,,,,,,,,,,,
U612 L19C,143,1,HF010,151,1,HF020,165,1,HF031,183,6,HA021,192,8,HA041,204,2,FB021,221,2,PS023,225,1,HL034,,,Sink,,,,,,,,,,,,
U612 AB13C,148,8,HP011,158,6,FP011,168,7,PP011,190,1,HL023,,,Sink,,,,,,,,,,,,,,,,,,,,,,,,
U611 PB11C,151,18,HP023,155,39,FP023,182,6,PP023,,,Sink,,,,,,,,,,,,,,,,,,,,,,,,,,,
U612 AB14C,151,8,HP011,163,6,FP011,171,7,PP011,192,1,HL023,,,Sink,,,,,,,,,,,,,,,,,,,,,,,,
U612 AB15C,154,8,HP011,164,6,FP011,172,7,PP011,192,1,HL023,,,Sink,,,,,,,,,,,,,,,,,,,,,,,,
U611 PE11C,155,20,HP023,157,48,FP023,,,Sink,,,,,,,,,,,,,,,,,,,,,,,,,,,,,,
U614 E31P,155,1,HF010,162,1,HF020,176,1,HF031,191,15,HA011,205,18,HA031,213,13,HA021,221,2,FB011,226,11,HA041,249,7,FB021,270,5,PB011,309,1,PS023,310,1,HL023,,,Sink
U614 E31S,155,1,HF010,162,1,HF020,176,1,HF031,189,15,HA011,203,16,HA031,211,14,HA021,219,2,FB011,224,11,HA041,249,7,FB021,268,6,PB011,309,1,PS023,310,1,HL023,,,Sink
U611 PB12C,156,14,HP023,158,31,FP023,183,7,PP023,,,Sink,,,,,,,,,,,,,,,,,,,,,,,,,,,
U612 AB16C,156,8,HP011,168,3,FP011,171,7,PP011,193,1,HL023,,,Sink,,,,,,,,,,,,,,,,,,,,,,,,
U613 PH21C,157,56,FP023,196,30,PP023,,,Sink,,,,,,,,,,,,,,,,,,,,,,,,,,,,,,
U614 A11C,157,1,HF010,164,1,HF020,179,1,HF031,196,6,HA021,205,32,HA041,259,4,FB021,269,5,PB011,298,1,HL023,,,Sink,,,,,,,,,,,,
U611 AA31C,157,9,HP011,170,2,FP011,183,7,PP011,,,Sink,,,,,,,,,,,,,,,,,,,,,,,,,,,
U612 AB17C,157,8,HP011,169,3,FP011,172,7,PP011,193,1,HL023,,,Sink,,,,,,,,,,,,,,,,,,,,,,,,
U611 PS12P,158,14,HP023,168,17,FP023,182,7,PP023,,,Sink,,,,,,,,,,,,,,,,,,,,,,,,,,,
U614 E32P,158,1,HF010,165,1,HF020,182,1,HF031,196,6,HA011,206,12,HA031,214,14,HA021,224,2,FB011,227,11,HA041,252,7,FB021,270,5,PB011,309,1,PS023,310,1,HL023,,,Sink
U614 E32S,158,1,HF010,165,1,HF020,182,1,HF031,199,6,HA011,210,12,HA031,218,14,HA021,226,2,FB011,238,11,HA041,254,7,FB021,274,6,PB011,309,1,PS023,310,1,HL023,,,Sink
U611 AF21C,158,8,HP011,170,4,FP011,176,7,PP011,197,1,HL034,,,Sink,,,,,,,,,,,,,,,,,,,,,,,,
U611 AB18S,158,8,HP011,170,3,FP011,175,7,PP011,191,1,HL034,,,Sink,,,,,,,,,,,,,,,,,,,,,,,,
U611 PS12S,161,14,HP023,169,18,FP023,185,7,PP023,,,Sink,,,,,,,,,,,,,,,,,,,,,,,,,,,
U611 PE31C,161,18,FP023,184,5,PP023,,,Sink,,,,,,,,,,,,,,,,,,,,,,,,,,,,,,
U611 PB14C,162,14,HP023,164,32,FP023,185,7,PP023,,,Sink,,,,,,,,,,,,,,,,,,,,,,,,,,,
U611 AF31C,163,9,HP011,176,4,FP011,183,7,PP011,197,1,HL034,,,Sink,,,,,,,,,,,,,,,,,,,,,,,,
U611 PE41C,163,18,HP023,168,42,FP023,191,11,PP023,,,Sink,,,,,,,,,,,,,,,,,,,,,,,,,,,
U614 B12P,163,1,HF010,170,1,HF020,185,1,HF031,203,5,HA011,211,8,HA031,217,5,HA021,225,10,HA041,246,3,FB021,253,1,HL011,,,Sink,,,,,,,,,
U614 A22C,163,1,HF010,170,1,HF020,185,1,HF031,197,15,HA011,211,26,HA031,246,2,FB011,252,17,HA041,275,4,FB021,296,8,PB011,326,1,PS023,329,1,HL023,,,Sink,,,
U614 B12S,163,1,HF010,170,1,HF020,185,1,HF031,204,5,HA011,212,8,HA031,220,3,HA021,226,10,HA041,247,3,FB021,253,1,HL011,,,Sink,,,,,,,,,
U611 AB18P,163,8,HP011,175,3,FP011,179,7,PP011,196,1,HL034,,,Sink,,,,,,,,,,,,,,,,,,,,,,,,
U614 S13S,164,1,HF010,171,1,HF020,186,1,HF031,205,13,HA011,217,21,HA031,240,5,HA021,253,10,HA041,267,4,FB021,287,7,PB011,308,1,PS023,309,1,HL023,,,Sink,,,
U613 AE13C,164,10,HP011,179,8,FP011,193,6,PP011,214,1,HL023,,,Sink,,,,,,,,,,,,,,,,,,,,,,,,
U611 PB16C,164,14,HP023,168,30,FP023,189,7,PP023,,,Sink,,,,,,,,,,,,,,,,,,,,,,,,,,,
U614 E21S,164,1,HF010,171,1,HF020,186,1,HF031,200,13,HA011,214,16,HA031,224,21,HA021,239,2,FB011,242,10,HA041,259,6,FB021,269,6,PB011,295,1,PS023,298,1,HL023,,,Sink
U614 E21P,164,1,HF010,171,1,HF020,186,1,HF031,198,13,HA011,212,14,HA031,220,14,HA021,228,2,FB011,240,10,HA041,255,5,FB021,268,6,PB011,295,1,PS023,298,1,HL023,,,Sink
U614 B51S,165,1,HF010,172,1,HF020,189,1,HF031,210,6,HA011,220,14,HA031,241,10,HA021,247,2,FB011,253,11,HA041,268,4,FB021,280,7,PB011,296,1,HL023,,,Sink,,,
U614 B51P,165,1,HF010,172,1,HF020,189,1,HF031,204,6,HA011,213,14,HA031,227,17,HA021,240,2,FB011,245,11,HA041,261,4,FB021,275,7,PB011,296,1,HL023,,,Sink,,,
U614 E41S,165,1,HF010,172,1,HF020,189,1,HF031,199,16,HA011,213,19,HA031,221,15,HA021,228,14,FB011,241,10,HA041,259,8,FB021,289,7,PB011,315,1,PS023,316,1,HL023,,,Sink
U612 PH21C,165,56,FP023,204,30,PP023,,,Sink,,,,,,,,,,,,,,,,,,,,,,,,,,,,,,
U611 PS18S,165,10,HP023,176,6,FP023,184,5,PP023,191,1,HL034,,,Sink,,,,,,,,,,,,,,,,,,,,,,,,
U611 PS14P,165,12,HP023,171,20,FP023,184,6,PP023,,,Sink,,,,,,,,,,,,,,,,,,,,,,,,,,,
U614 E41P,165,1,HF010,172,1,HF020,189,1,HF031,204,16,HA011,219,18,HA031,225,24,HA021,226,24,FB011,247,10,HA041,262,8,FB021,284,5,PB011,315,1,PS023,316,1,HL023,,,Sink
U614 E13C,165,1,HF010,172,1,HF020,189,1,HF031,205,5,HA021,213,14,HA041,241,2,FB021,245,1,HL011,,,Sink,,,,,,,,,,,,,,,
U614 S13P,168,1,HF010,175,1,HF020,190,1,HF031,205,13,HA011,214,24,HA031,239,5,HA021,252,10,HA041,267,4,FB021,284,8,PB011,305,1,PS023,308,1,HL023,,,Sink,,,
U614 E42P,168,1,HF010,175,1,HF020,190,1,HF031,205,16,HA011,220,18,HA031,226,24,HA021,238,11,FB011,249,10,HA041,263,8,FB021,290,5,PB011,315,1,PS023,316,1,HL023,,,Sink
U614 E42S,168,1,HF010,175,1,HF020,190,1,HF031,198,16,HA011,214,17,HA031,221,25,HA021,239,2,FB011,242,10,HA041,260,8,FB021,291,6,PB011,315,1,PS023,316,1,HL023,,,Sink
U614 S11S,169,1,HF010,176,1,HF020,191,1,HF031,210,7,HA011,220,8,HA031,226,17,HA021,239,2,FB011,242,13,HA041,263,4,FB021,275,8,PB011,295,1,PS023,296,1,HL023,,,Sink
U614 S11P,169,1,HF010,176,1,HF020,191,1,HF031,205,7,HA011,217,8,HA031,224,7,HA021,227,3,FB011,239,13,HA041,260,4,FB021,274,7,PB011,295,1,PS023,296,1,HL023,,,Sink
U611 PS14S,169,12,HP023,175,18,FP023,186,6,PP023,,,Sink,,,,,,,,,,,,,,,,,,,,,,,,,,,
U613 AB12C,169,8,HP011,182,6,FP011,191,7,PP011,212,1,HL023,,,Sink,,,,,,,,,,,,,,,,,,,,,,,,
U613 AE12C,169,10,HP011,184,11,FP011,200,7,PP011,214,1,HL023,,,Sink,,,,,,,,,,,,,,,,,,,,,,,,
U614 B14S,170,1,HF010,177,1,HF020,192,1,HF031,211,5,HA011,219,8,HA031,227,3,HA021,240,9,HA041,254,3,FB021,260,1,HL011,,,Sink,,,,,,,,,
U611 PS16P,170,11,FP023,170,27,HP023,189,6,PP023,,,Sink,,,,,,,,,,,,,,,,,,,,,,,,,,,
U614 B14P,170,1,HF010,177,1,HF020,192,1,HF031,210,5,HA011,218,8,HA031,224,5,HA021,239,9,HA041,253,3,FB021,260,1,HL011,,,Sink,,,,,,,,,
U614 S14P,171,1,HF010,179,1,HF020,193,1,HF031,207,13,HA011,219,23,HA031,242,5,HA021,255,10,HA041,269,4,FB021,287,8,PB011,311,1,PS023,312,1,HL023,,,Sink,,,
U614 E91C,171,1,HF010,179,1,HF020,193,1,HF031,207,5,HA011,219,10,HA031,226,18,HA021,240,2,FB011,245,10,HA041,260,8,FB021,274,6,PB011,291,1,PS023,,,Sink,,,
U611 PS18P,171,10,HP023,183,5,FP023,186,5,PP023,196,1,HL034,,,Sink,,,,,,,,,,,,,,,,,,,,,,,,
U613 AB13C,171,8,HP011,184,6,FP011,192,7,PP011,212,1,HL023,,,Sink,,,,,,,,,,,,,,,,,,,,,,,,
U611 PD11C,171,10,HP023,175,20,FP023,,,Sink,,,,,,,,,,,,,,,,,,,,,,,,,,,,,,
U612 AA21C,172,9,HP011,186,3,FP011,191,8,PP011,213,1,HL023,,,Sink,,,,,,,,,,,,,,,,,,,,,,,,
U611 PS16S,172,11,FP023,172,29,HP023,191,6,PP023,,,Sink,,,,,,,,,,,,,,,,,,,,,,,,,,,
U611 PF41C,172,8,FP023,172,24,HP023,191,4,PP023,197,1,HL034,,,Sink,,,,,,,,,,,,,,,,,,,,,,,,
U614 S14S,172,1,HF010,182,1,HF020,196,1,HF031,212,13,HA011,224,21,HA031,247,5,HA021,260,10,HA041,274,5,FB021,290,8,PB011,315,1,PS023,316,1,HL023,,,Sink,,,
U614 S15P,172,1,HF010,182,1,HF020,196,1,HF031,210,13,HA011,220,23,HA031,245,12,HA021,249,5,FB011,256,10,HA041,270,4,FB021,289,7,PB011,311,1,PS023,312,1,HL023,,,Sink
U614 B15P,172,1,HF010,182,1,HF020,196,1,HF031,212,5,HA011,220,8,HA031,226,17,HA021,241,9,HA041,255,3,FB021,261,1,HL011,,,Sink,,,,,,,,,
U614 B15S,172,1,HF010,182,1,HF020,196,1,HF031,213,5,HA011,221,8,HA031,238,3,HA021,242,9,HA041,256,3,FB021,261,1,HL011,,,Sink,,,,,,,,,
U614 E23S,172,1,HF010,182,1,HF020,196,1,HF031,210,5,HA021,224,8,HA041,241,2,FB021,245,1,HL011,,,Sink,,,,,,,,,,,,,,,
U613 AB14C,175,8,HP011,186,6,FP011,196,7,PP011,212,1,HL023,,,Sink,,,,,,,,,,,,,,,,,,,,,,,,
U614 S15S,175,1,HF010,183,1,HF020,197,1,HF031,213,13,HA011,225,30,HA031,249,11,HA021,254,3,FB011,261,10,HA041,275,5,FB021,291,8,PB011,315,1,PS023,316,1,HL023,,,Sink
U614 E22S,175,1,HF010,183,1,HF020,197,1,HF031,217,5,HA021,226,8,HA041,245,2,FB021,249,1,HL011,,,Sink,,,,,,,,,,,,,,,
U614 E23P,175,1,HF010,183,1,HF020,197,1,HF031,210,5,HA021,221,8,HA041,241,2,FB021,245,1,HL011,,,Sink,,,,,,,,,,,,,,,
U614 E52S,175,1,HF010,183,1,HF020,197,1,HF031,212,12,HA011,227,12,HA031,242,17,HA021,253,2,FB011,256,10,HA041,270,8,FB021,291,6,PB011,315,1,PS023,316,1,HL023,,,Sink
U611 PD12C,175,14,HP023,177,30,FP023,,,Sink,,,,,,,,,,,,,,,,,,,,,,,,,,,,,,
U614 A21P,175,1,HF010,183,1,HF020,197,1,HF031,206,10,HA011,221,14,HA031,228,29,HA021,249,2,FB011,254,12,HA041,270,4,FB021,283,1,HL011,,,Sink,,,,,,
U614 A21S,175,1,HF010,183,1,HF020,197,1,HF031,210,10,HA011,225,14,HA031,239,23,HA021,253,2,FB011,256,12,HA041,274,4,FB021,283,1,HL011,,,Sink,,,,,,
U614 B16P,175,1,HF010,183,1,HF020,197,1,HF031,213,5,HA011,221,8,HA031,227,5,HA021,242,9,HA041,256,2,FB021,263,1,HL011,,,Sink,,,,,,,,,
U614 B16S,175,1,HF010,183,1,HF020,197,1,HF031,214,5,HA011,224,8,HA031,239,3,HA021,245,9,HA041,259,3,FB021,263,1,HL011,,,Sink,,,,,,,,,
U614 E52P,176,1,HF010,184,1,HF020,198,1,HF031,207,12,HA011,224,12,HA031,239,14,HA021,247,2,FB011,253,10,HA041,267,7,FB021,290,6,PB011,315,1,PS023,316,1,HL023,,,Sink
U611 PA22C,176,10,FP023,176,28,HP023,,,Sink,,,,,,,,,,,,,,,,,,,,,,,,,,,,,,
U613 AB15C,176,8,HP011,189,6,FP011,197,7,PP011,212,1,HL023,,,Sink,,,,,,,,,,,,,,,,,,,,,,,,
U614 E51S,176,1,HF010,184,1,HF020,198,1,HF031,213,14,HA011,238,9,HA031,240,14,HA021,247,5,FB011,254,14,HA041,274,8,FB021,290,6,PB011,315,1,PS023,316,1,HL023,,,Sink
U614 E22P,176,1,HF010,184,1,HF020,198,1,HF031,217,5,HA021,226,8,HA041,245,2,FB021,249,1,HL011,,,Sink,,,,,,,,,,,,,,,
U614 B52S,176,1,HF010,184,1,HF020,198,1,HF031,219,6,HA011,228,12,HA031,246,12,HA021,254,2,FB011,259,14,HA041,281,3,FB021,288,7,PB011,309,1,HL023,,,Sink,,,
U614 B17S,177,1,HF010,185,1,HF020,199,1,HF031,218,5,HA011,226,8,HA031,241,3,HA021,247,9,HA041,261,3,FB021,266,1,HL011,,,Sink,,,,,,,,,
U614 B52P,177,1,HF010,185,1,HF020,199,1,HF031,214,6,HA011,225,12,HA031,241,11,HA021,249,2,FB011,254,14,HA041,274,3,FB021,284,7,PB011,308,1,HL023,,,Sink,,,
U613 AB16C,177,8,HP011,190,3,FP011,193,7,PP011,212,1,HL023,,,Sink,,,,,,,,,,,,,,,,,,,,,,,,
U614 F41P,177,1,HF010,185,1,HF020,199,1,HF031,212,15,HA011,225,24,HA031,240,10,HA021,246,2,FB011,252,16,HA041,274,5,FB021,288,6,PB011,309,1,PS023,310,1,HL023,,,Sink
U614 F41S,177,1,HF010,185,1,HF020,199,1,HF031,219,15,HA011,240,16,HA031,247,12,HA021,255,2,FB011,260,16,HA041,284,5,FB021,296,6,PB011,309,1,PS023,310,1,HL023,,,Sink
U611 PD14C,177,14,HP023,182,29,FP023,,,Sink,,,,,,,,,,,,,,,,,,,,,,,,,,,,,,
U614 E51P,177,1,HF010,185,1,HF020,199,1,HF031,206,14,HA011,226,8,HA031,228,21,HA021,242,6,FB011,249,14,HA041,269,7,FB021,289,6,PB011,315,1,PS023,316,1,HL023,,,Sink
U614 B17P,177,1,HF010,185,1,HF020,199,1,HF031,217,5,HA011,225,8,HA031,238,5,HA021,246,9,HA041,260,3,FB021,266,1,HL011,,,Sink,,,,,,,,,
U614 S18S,179,1,HF010,186,1,HF020,200,1,HF031,217,13,HA011,226,22,HA031,240,7,HA021,245,3,FB011,249,13,HA041,268,4,FB021,282,8,PB011,301,1,PS023,302,1,HL023,,,Sink
U614 S18P,179,1,HF010,186,1,HF020,200,1,HF031,217,13,HA011,228,21,HA031,242,10,HA021,249,1,FB011,253,13,HA041,270,4,FB021,287,8,PB011,308,1,PS023,309,1,HL023,,,Sink
U613 AF21C,179,8,HP011,191,4,FP011,197,7,PP011,219,1,HL034,,,Sink,,,,,,,,,,,,,,,,,,,,,,,,
U613 AB17C,179,8,HP011,191,3,FP011,196,7,PP011,212,1,HL023,,,Sink,,,,,,,,,,,,,,,,,,,,,,,,
U614 S16P,182,1,HF010,189,1,HF020,203,1,HF031,217,13,HA011,227,30,HA031,254,10,HA021,260,2,FB011,263,10,HA041,281,4,FB021,294,8,PB011,316,1,PS023,317,1,HL023,,,Sink
U614 B11C,182,1,HF010,189,1,HF020,203,1,HF031,219,5,HA011,227,8,HA031,241,5,HA021,252,11,HA041,267,3,FB021,274,7,PB011,296,1,HL023,,,Sink,,,,,,
U614 S17P,183,1,HF010,190,1,HF020,204,1,HF031,218,13,HA011,228,30,HA031,255,10,HA021,261,2,FB011,266,10,HA041,282,4,FB021,295,8,PB011,316,1,PS023,317,1,HL023,,,Sink
U614 S16S,183,1,HF010,190,1,HF020,204,1,HF031,220,13,HA011,239,23,HA031,259,8,HA021,263,2,FB011,268,10,HA041,284,4,FB021,295,8,PB011,318,1,PS023,319,1,HL023,,,Sink
U611 PD16C,184,14,HP023,186,31,FP023,,,Sink,,,,,,,,,,,,,,,,,,,,,,,,,,,,,,
U613 AA21C,184,9,HP011,197,3,FP011,200,8,PP011,226,1,HL023,,,Sink,,,,,,,,,,,,,,,,,,,,,,,,
U614 T15S,184,1,HF010,191,1,HF020,205,1,HF031,262,6,HA021,273,8,HA041,287,3,FB021,301,1,PS023,,,Sink,,,,,,,,,,,,,,,
U614 H31C,184,1,HF010,191,1,HF020,205,1,HF031,219,3,HA011,219,7,HA031,226,15,FB021,255,9,PB011,268,1,HL023,,,Sink,,,,,,,,,,,,
U613 AF31C,184,9,HP011,197,4,FP011,203,7,PP011,219,1,HL034,,,Sink,,,,,,,,,,,,,,,,,,,,,,,,
U614 S17S,184,1,HF010,191,1,HF020,205,1,HF031,221,13,HA011,240,23,HA031,260,8,HA021,266,2,FB011,269,10,HA041,287,4,FB021,301,8,PB011,318,1,PS023,319,1,HL023,,,Sink
U613 AB18S,185,8,HP011,197,3,FP011,200,7,PP011,218,1,HL034,,,Sink,,,,,,,,,,,,,,,,,,,,,,,,
U614 S19S,185,1,HF010,192,1,HF020,206,1,HF031,221,13,HA011,239,15,HA031,246,8,HA021,252,3,FB011,255,13,HA041,274,4,FB021,284,8,PB011,301,1,PS023,302,1,HL023,,,Sink
U614 S19P,185,1,HF010,192,1,HF020,206,1,HF031,221,13,HA011,241,13,HA031,249,8,HA021,254,2,FB011,259,13,HA041,280,4,FB021,289,8,PB011,308,1,PS023,309,1,HL023,,,Sink
U612 PB11C,186,18,HP023,190,39,FP023,214,6,PP023,,,Sink,,,,,,,,,,,,,,,,,,,,,,,,,,,
U614 S12P,189,1,HF010,196,1,HF020,210,1,HF031,220,13,HA011,241,12,HA031,247,5,HA021,256,9,HA041,269,4,FB021,284,7,PB011,305,1,PS023,308,1,HL023,,,Sink,,,
U612 PE11C,189,20,HP023,191,45,FP023,217,8,PP023,,,Sink,,,,,,,,,,,,,,,,,,,,,,,,,,,
U614 S12S,189,1,HF010,196,1,HF020,210,1,HF031,221,13,HA011,242,12,HA031,249,5,HA021,259,9,HA041,270,4,FB021,288,7,PB011,308,1,PS023,309,1,HL023,,,Sink,,,
U612 AB18S,189,8,HP011,199,3,FP011,204,7,PP011,225,1,HL034,,,Sink,,,,,,,,,,,,,,,,,,,,,,,,
U613 AB18P,189,8,HP011,199,3,FP011,204,7,PP011,220,1,HL034,,,Sink,,,,,,,,,,,,,,,,,,,,,,,,
U612 PB12C,190,14,HP023,192,29,FP023,212,8,PP023,,,Sink,,,,,,,,,,,,,,,,,,,,,,,,,,,
U612 AF21C,190,8,HP011,200,4,FP011,206,7,PP011,238,1,HL034,,,Sink,,,,,,,,,,,,,,,,,,,,,,,,
U614 B58P,191,1,HF010,198,1,HF020,212,1,HF031,240,6,HA011,253,14,HA031,266,10,HA021,273,2,FB011,280,14,HA041,301,4,FB021,310,7,PB011,331,1,HL034,,,Sink,,,
U614 F21P,191,1,HF010,198,1,HF020,212,1,HF031,226,12,HA011,245,14,HA031,255,9,HA021,260,3,FB011,263,12,HA041,283,2,FB021,290,1,HL011,302,1,PS023,,,Sink,,,
U614 F21S,191,1,HF010,198,1,HF020,212,1,HF031,227,12,HA011,246,16,HA031,256,9,HA021,261,3,FB011,266,12,HA041,284,2,FB021,290,1,HL011,,,Sink,,,,,,
U611 PB18S,191,17,FP034,191,39,HP024,214,6,PP034,,,Sink,,,,,,,,,,,,,,,,,,,,,,,,,,,
U612 PB14C,192,14,HP023,196,29,FP023,214,8,PP023,,,Sink,,,,,,,,,,,,,,,,,,,,,,,,,,,
U614 F31S,192,1,HF010,199,1,HF020,213,1,HF031,238,6,HA011,247,10,HA031,254,14,HA021,262,2,FB011,267,12,HA041,287,4,FB021,295,1,HL011,,,Sink,,,,,,
U614 F31P,192,1,HF010,199,1,HF020,213,1,HF031,228,6,HA011,246,10,HA031,254,13,HA021,261,3,FB011,266,12,HA041,284,4,FB021,295,1,HL011,304,1,PS023,,,Sink,,,
U612 PS12P,193,14,HP023,203,17,FP023,213,7,PP023,,,Sink,,,,,,,,,,,,,,,,,,,,,,,,,,,
U612 AF31C,193,9,HP011,206,4,FP011,212,7,PP011,238,1,HL034,,,Sink,,,,,,,,,,,,,,,,,,,,,,,,
U612 PB16C,193,14,HP023,197,29,FP023,217,8,PP023,,,Sink,,,,,,,,,,,,,,,,,,,,,,,,,,,
U614 B58S,193,1,HF010,200,1,HF020,214,1,HF031,238,6,HA011,247,14,HA031,261,12,HA021,268,2,FB011,273,14,HA041,295,4,FB021,305,7,PB011,326,1,HL034,,,Sink,,,
U612 AB18P,193,8,HP011,205,3,FP011,210,7,PP011,226,1,HL034,,,Sink,,,,,,,,,,,,,,,,,,,,,,,,
U613 PS18S,193,10,HP023,204,5,FP023,211,5,PP023,218,1,HL034,,,Sink,,,,,,,,,,,,,,,,,,,,,,,,
U613 PF41C,196,8,FP023,196,21,HP023,212,4,PP023,219,1,HL034,,,Sink,,,,,,,,,,,,,,,,,,,,,,,,
U614 B59P,196,1,HF010,203,1,HF020,217,1,HF031,242,6,HA011,254,12,HA031,266,9,HA021,270,5,FB011,275,14,HA041,298,3,FB021,311,7,PB011,331,1,HL034,,,Sink,,,
U614 F33C,196,1,HF010,203,1,HF020,217,1,HF031,249,10,HA031,255,14,HA021,263,2,FB011,268,13,HA041,289,4,FB021,295,1,HL011,,,Sink,,,,,,,,,
U612 PS12S,196,14,HP023,204,17,FP023,214,7,PP023,,,Sink,,,,,,,,,,,,,,,,,,,,,,,,,,,
U611 PB18P,196,15,HP024,198,29,FP034,217,6,PP034,,,Sink,,,,,,,,,,,,,,,,,,,,,,,,,,,
U611 PF11C,197,22,HP024,199,47,FP034,,,Sink,,,,,,,,,,,,,,,,,,,,,,,,,,,,,,
U613 PS18P,198,10,HP023,207,7,FP023,212,5,PP023,220,1,HL034,,,Sink,,,,,,,,,,,,,,,,,,,,,,,,
U614 B59S,198,1,HF010,205,1,HF020,219,1,HF031,241,6,HA011,253,12,HA031,266,7,HA021,274,14,HA041,296,3,FB021,305,7,PB011,326,1,HL034,,,Sink,,,,,,
U612 PE31C,198,18,FP023,220,5,PP023,,,Sink,,,,,,,,,,,,,,,,,,,,,,,,,,,,,,
U614 B18P,199,1,HF010,206,1,HF020,220,1,HF031,253,5,HA011,261,8,HA031,267,5,HA021,275,9,HA041,290,3,FB021,296,1,HL011,,,Sink,,,,,,,,,
U612 AA31C,199,9,HP011,212,2,FP011,224,7,PP011,,,Sink,,,,,,,,,,,,,,,,,,,,,,,,,,,
U612 PS14P,200,12,HP023,206,19,FP023,218,6,PP023,,,Sink,,,,,,,,,,,,,,,,,,,,,,,,,,,
U614 H21C,200,1,HF010,207,1,HF020,221,1,HF031,242,4,HA031,242,9,HA011,249,4,HA041,255,8,FB021,268,1,HL023,,,Sink,,,,,,,,,,,,
U614 H22C,200,1,HF010,207,1,HF020,221,1,HF031,242,5,HA011,249,4,HA041,255,8,FB021,268,1,HL023,,,Sink,,,,,,,,,,,,,,,
U614 H23C,200,1,HF010,207,1,HF020,221,1,HF031,242,5,HA011,249,4,HA041,255,8,FB021,268,1,HL023,,,Sink,,,,,,,,,,,,,,,
U614 B19P,200,1,HF010,207,1,HF020,221,1,HF031,254,5,HA011,262,8,HA031,268,5,HA021,280,9,HA041,291,3,FB021,296,1,HL011,,,Sink,,,,,,,,,
U612 PE41C,200,18,HP023,205,42,FP023,228,18,PP023,,,Sink,,,,,,,,,,,,,,,,,,,,,,,,,,,
U614 T11P,203,1,HF010,210,1,HF020,224,1,HF031,246,6,HA021,256,8,HA041,268,3,FB021,289,3,FB031,295,1,PS023,296,1,HL023,,,Sink,,,,,,,,,
U614 T11S,203,1,HF010,210,1,HF020,224,1,HF031,247,6,HA021,259,8,HA041,269,3,FB021,289,4,FB031,295,1,PS023,296,1,HL023,,,Sink,,,,,,,,,
U614 T12S,203,1,HF010,210,1,HF020,224,1,HF031,249,6,HA021,260,8,HA041,273,3,FB021,296,1,PS023,298,1,HL023,,,Sink,,,,,,,,,,,,
U612 PS18P,203,10,HP023,212,5,FP023,218,5,PP023,226,1,HL034,,,Sink,,,,,,,,,,,,,,,,,,,,,,,,
U614 F11C,203,1,HF010,210,1,HF020,224,1,HF031,247,5,HA011,256,7,HA031,259,14,HA021,267,2,FB011,270,16,HA041,296,4,FB021,310,7,PB011,332,1,PS023,333,1,HL034,,,Sink
U614 B18S,203,1,HF010,210,1,HF020,224,1,HF031,247,5,HA011,256,8,HA031,266,3,HA021,270,9,HA041,287,3,FB021,291,1,HL011,,,Sink,,,,,,,,,
U612 PS18S,204,10,HP023,213,7,FP023,218,5,PP023,225,1,HL034,,,Sink,,,,,,,,,,,,,,,,,,,,,,,,
U614 T12P,204,1,HF010,211,1,HF020,225,1,HF031,247,6,HA021,259,8,HA041,269,3,FB021,280,3,FB031,296,1,PS023,298,1,HL023,,,Sink,,,,,,,,,
U614 D12S,204,1,HF010,211,1,HF020,225,1,HF031,249,5,HA011,259,7,HA031,261,11,HA021,269,1,FB011,273,8,HA041,287,4,FB021,298,5,PB011,317,1,PS023,318,1,HL023,,,Sink
U614 E39C,204,1,HF010,211,1,HF020,225,1,HF031,256,8,HA021,268,4,FB021,281,5,PB011,310,1,HL023,,,Sink,,,,,,,,,,,,,,,
U614 B19S,204,1,HF010,211,1,HF020,225,1,HF031,249,5,HA011,259,8,HA031,267,3,HA021,273,9,HA041,288,3,FB021,291,1,HL011,,,Sink,,,,,,,,,
U614 D12P,204,1,HF010,211,1,HF020,225,1,HF031,252,5,HA011,260,7,HA031,262,11,HA021,270,1,FB011,274,8,HA041,288,5,FB021,301,6,PB011,317,1,PS023,318,1,HL023,,,Sink
U612 PS14S,204,12,HP023,210,17,FP023,220,6,PP023,,,Sink,,,,,,,,,,,,,,,,,,,,,,,,,,,
U614 D11S,205,1,HF010,212,1,HF020,226,1,HF031,252,5,HA011,260,7,HA031,262,11,HA021,273,1,FB011,274,8,HA041,288,5,FB021,304,6,PB011,319,1,PS023,322,1,HL023,,,Sink
U614 D13P,205,1,HF010,212,1,HF020,226,1,HF031,266,5,HA021,274,1,FB011,280,8,HA041,290,4,FB021,302,6,PB011,317,1,PS023,318,1,HL023,,,Sink,,,,,,
U614 B13P,205,5,HA011,213,8,HA031,219,5,HA021,227,9,HA041,247,3,FB021,255,1,HL011,,,Sink,,,,,,,,,,,,,,,,,,
U611 PD18C,205,14,HP023,207,29,FP023,,,Sink,,,,,,,,,,,,,,,,,,,,,,,,,,,,,,
U614 D11P,205,1,HF010,212,1,HF020,226,1,HF031,263,5,HA021,273,1,FB011,275,8,HA041,289,5,FB021,305,5,PB011,319,1,PS023,322,1,HL023,,,Sink,,,,,,
U612 PS16P,205,11,FP023,205,26,HP023,221,6,PP023,,,Sink,,,,,,,,,,,,,,,,,,,,,,,,,,,
U613 AA31C,206,9,HP011,219,2,FP011,238,7,PP011,,,Sink,,,,,,,,,,,,,,,,,,,,,,,,,,,
U614 T17S,206,1,HF010,213,1,HF020,227,1,HF031,259,6,HA021,268,8,HA041,282,3,FB021,301,1,PS023,302,1,HL023,,,Sink,,,,,,,,,,,,
U612 PD12C,206,14,HP023,210,29,FP023,,,Sink,,,,,,,,,,,,,,,,,,,,,,,,,,,,,,
U614 B13S,206,5,HA011,214,8,HA031,228,9,HA041,249,3,FB021,255,1,HL011,,,Sink,,,,,,,,,,,,,,,,,,,,,
U614 D13S,206,1,HF010,213,1,HF020,227,1,HF031,253,5,HA011,261,7,HA031,263,11,HA021,273,1,FB011,275,8,HA041,289,4,FB021,301,6,PB011,317,1,PS023,318,1,HL023,,,Sink
U612 PS16S,207,11,FP023,207,26,HP023,225,6,PP023,,,Sink,,,,,,,,,,,,,,,,,,,,,,,,,,,
U614 A31S,207,1,HF010,214,1,HF020,228,1,HF031,245,13,HA011,266,10,HA031,273,15,HA021,282,3,FB011,287,12,HA041,305,3,FB021,311,1,HL011,,,Sink,,,,,,
U614 A31P,207,1,HF010,214,1,HF020,228,1,HF031,242,13,HA011,263,10,HA031,270,17,HA021,281,3,FB011,284,12,HA041,304,3,FB021,311,1,HL011,,,Sink,,,,,,
U612 PF41C,207,8,FP023,207,23,HP023,225,4,PP023,238,1,HL034,,,Sink,,,,,,,,,,,,,,,,,,,,,,,,
U614 L11C,210,1,HF010,217,1,HF020,238,1,HF031,254,6,HA021,263,8,HA041,275,2,FB021,294,2,PS023,296,1,HL023,,,Sink,,,,,,,,,,,,
U614 L12C,210,1,HF010,217,1,HF020,238,1,HF031,254,6,HA021,263,8,HA041,275,2,FB021,295,2,PS023,298,1,HL023,,,Sink,,,,,,,,,,,,
U612 PD11C,210,10,HP023,212,19,FP023,,,Sink,,,,,,,,,,,,,,,,,,,,,,,,,,,,,,
U614 F91C,210,1,HF010,217,1,HF020,238,1,HF031,263,8,HA021,275,4,FB021,288,5,PB011,310,1,HL023,,,Sink,,,,,,,,,,,,,,,
U614 T14S,211,1,HF010,218,1,HF020,239,1,HF031,256,6,HA021,267,8,HA041,281,3,FB021,298,1,PS023,301,1,HL023,,,Sink,,,,,,,,,,,,
U614 T14P,211,1,HF010,218,1,HF020,239,1,HF031,255,6,HA021,266,8,HA041,280,3,FB021,288,3,FB031,298,1,PS023,301,1,HL023,,,Sink,,,,,,,,,
U612 PD14C,211,14,HP023,213,29,FP023,,,Sink,,,,,,,,,,,,,,,,,,,,,,,,,,,,,,
U614 L13C,212,1,HF010,219,1,HF020,240,1,HF031,256,6,HA021,267,8,HA041,281,2,FB021,295,2,PS023,298,1,HL023,,,Sink,,,,,,,,,,,,
U613 PB16C,212,16,HP023,217,38,FP023,246,8,PP023,,,Sink,,,,,,,,,,,,,,,,,,,,,,,,,,,
U613 PB14C,212,16,HP023,217,38,FP023,245,8,PP023,,,Sink,,,,,,,,,,,,,,,,,,,,,,,,,,,
U613 PB12C,212,16,HP023,217,38,FP023,245,8,PP023,,,Sink,,,,,,,,,,,,,,,,,,,,,,,,,,,
U613 PB11C,212,18,HP023,217,40,FP023,245,8,PP023,,,Sink,,,,,,,,,,,,,,,,,,,,,,,,,,,
U614 T15P,212,1,HF010,219,1,HF020,240,1,HF031,256,6,HA021,267,8,HA041,281,3,FB021,289,3,FB031,298,1,PS023,301,1,HL023,,,Sink,,,,,,,,,
U614 L14C,212,1,HF010,219,1,HF020,240,1,HF031,256,6,HA021,267,8,HA041,281,2,FB021,296,2,PS023,301,1,HL023,,,Sink,,,,,,,,,,,,
U614 T17P,212,1,HF010,219,1,HF020,240,1,HF031,256,6,HA021,267,8,HA041,281,3,FB021,289,3,FB031,301,1,PS023,302,1,HL023,,,Sink,,,,,,,,,
U614 L15C,213,1,HF010,220,1,HF020,241,1,HF031,259,6,HA021,268,8,HA041,282,2,FB021,296,2,PS023,301,1,HL023,,,Sink,,,,,,,,,,,,
U614 D14P,213,1,HF010,220,1,HF020,241,1,HF031,261,5,HA011,269,7,HA031,273,13,HA021,284,1,FB011,287,8,HA041,298,4,FB021,309,6,PB011,322,1,PS023,323,1,HL023,,,Sink
U612 PA22C,213,10,FP023,213,27,HP023,,,Sink,,,,,,,,,,,,,,,,,,,,,,,,,,,,,,
U614 D14S,213,1,HF010,220,1,HF020,241,1,HF031,260,5,HA011,268,7,HA031,270,15,HA021,283,1,FB011,284,8,HA041,296,4,FB021,308,6,PB011,322,1,PS023,323,1,HL023,,,Sink
U614 F71C,213,1,HF010,220,1,HF020,241,1,HF031,268,12,HA021,296,5,PB011,310,1,HL023,,,Sink,,,,,,,,,,,,,,,,,,
U613 PE11C,214,20,HP023,217,55,FP023,252,8,PP023,,,Sink,,,,,,,,,,,,,,,,,,,,,,,,,,,
U614 D15P,214,1,HF010,221,1,HF020,242,1,HF031,262,5,HA011,270,7,HA031,274,13,HA021,284,1,FB011,288,8,HA041,301,4,FB021,310,6,PB011,322,1,PS023,323,1,HL023,,,Sink
U614 D15S,214,1,HF010,221,1,HF020,242,1,HF031,261,5,HA011,269,7,HA031,273,13,HA021,284,1,FB011,287,8,HA041,298,4,FB021,309,6,PB011,322,1,PS023,323,1,HL023,,,Sink
U613 PS12P,217,14,HP023,225,24,FP023,246,7,PP023,,,Sink,,,,,,,,,,,,,,,,,,,,,,,,,,,
U614 L16C,217,1,HF010,224,1,HF020,245,1,HF031,261,6,HA021,270,8,HA041,284,2,FB021,298,2,PS023,302,1,HL023,,,Sink,,,,,,,,,,,,
U613 PE41C,218,18,HP023,221,48,FP023,252,9,PP023,,,Sink,,,,,,,,,,,,,,,,,,,,,,,,,,,
U614 L17C,218,1,HF010,225,1,HF020,246,1,HF031,262,6,HA021,273,8,HA041,287,2,FB021,298,2,PS023,302,1,HL023,,,Sink,,,,,,,,,,,,
U613 PB18S,218,17,FP034,218,46,HP024,249,6,PP034,,,Sink,,,,,,,,,,,,,,,,,,,,,,,,,,,
U612 PD16C,218,14,HP023,220,36,FP023,,,Sink,,,,,,,,,,,,,,,,,,,,,,,,,,,,,,
U613 PF11C,219,22,HP024,221,55,FP034,,,Sink,,,,,,,,,,,,,,,,,,,,,,,,,,,,,,
U613 PS14P,219,12,HP023,225,24,FP023,242,6,PP023,,,Sink,,,,,,,,,,,,,,,,,,,,,,,,,,,
U613 PS12S,219,14,HP023,227,26,FP023,247,7,PP023,,,Sink,,,,,,,,,,,,,,,,,,,,,,,,,,,
U614 D18P,219,1,HF010,226,1,HF020,247,1,HF031,269,4,HA011,280,7,HA031,290,1,FB011,294,8,HA041,308,4,FB021,317,6,PB011,340,1,PS023,343,1,HL023,,,Sink,,,
U614 F32C,219,1,HF010,226,1,HF020,247,1,HF031,262,6,HA021,274,20,HA041,310,7,PB011,333,1,HL034,,,Sink,,,,,,,,,,,,,,,
U614 D18S,220,1,HF010,227,1,HF020,249,1,HF031,268,4,HA011,275,7,HA031,288,1,FB011,291,8,HA041,305,4,FB021,315,6,PB011,340,1,PS023,343,1,HL023,,,Sink,,,
U613 PS16P,220,11,FP023,220,33,HP023,245,6,PP023,,,Sink,,,,,,,,,,,,,,,,,,,,,,,,,,,
U613 PE31C,220,18,FP023,252,5,PP023,,,Sink,,,,,,,,,,,,,,,,,,,,,,,,,,,,,,
U613 PB18P,220,15,FP034,220,42,HP024,249,6,PP034,,,Sink,,,,,,,,,,,,,,,,,,,,,,,,,,,
U614 D16S,220,1,HF010,227,1,HF020,249,1,HF031,266,6,HA011,275,7,HA031,288,1,FB011,291,8,HA041,305,4,FB021,315,6,PB011,329,1,PS023,330,1,HL023,,,Sink,,,
U614 D16P,220,1,HF010,227,1,HF020,249,1,HF031,281,5,HA021,289,1,FB011,294,8,HA041,308,4,FB021,316,6,PB011,329,1,PS023,330,1,HL023,,,Sink,,,,,,
U614 D19P,221,1,HF010,228,1,HF020,252,1,HF031,282,5,HA021,291,1,FB011,295,8,HA041,309,4,FB021,318,6,PB011,340,1,PS023,343,1,HL023,,,Sink,,,,,,
U614 D19S,221,1,HF010,228,1,HF020,252,1,HF031,268,5,HA011,280,7,HA031,290,1,FB011,294,8,HA041,308,4,FB021,317,6,PB011,340,1,PS023,343,1,HL023,,,Sink,,,
U614 D91P,221,1,HF010,228,1,HF020,252,1,HF031,280,10,HA021,294,4,FB021,309,6,PB011,323,1,HL023,,,Sink,,,,,,,,,,,,,,,
U614 D91S,221,1,HF010,228,1,HF020,252,1,HF031,280,10,HA021,294,4,FB021,310,6,PB011,323,1,HL023,,,Sink,,,,,,,,,,,,,,,
U614 D17S,221,1,HF010,228,1,HF020,252,1,HF031,267,5,HA011,280,7,HA031,290,1,FB011,294,8,HA041,308,4,FB021,316,6,PB011,329,1,PS023,330,1,HL023,,,Sink,,,
U614 D17P,221,1,HF010,228,1,HF020,252,1,HF031,269,4,HA011,281,7,HA031,291,1,FB011,295,8,HA041,309,4,FB021,317,6,PB011,329,1,PS023,330,1,HL023,,,Sink,,,
U613 PS14S,221,12,HP023,227,26,FP023,246,6,PP023,,,Sink,,,,,,,,,,,,,,,,,,,,,,,,,,,
U613 PD14C,224,14,HP023,226,37,FP023,,,Sink,,,,,,,,,,,,,,,,,,,,,,,,,,,,,,
U613 PD12C,224,14,HP023,226,37,FP023,,,Sink,,,,,,,,,,,,,,,,,,,,,,,,,,,,,,
U613 PS16S,224,11,FP023,224,33,HP023,247,6,PP023,,,Sink,,,,,,,,,,,,,,,,,,,,,,,,,,,
U612 PB18S,225,17,FP034,225,47,HP024,256,4,PP034,,,Sink,,,,,,,,,,,,,,,,,,,,,,,,,,,
U613 PA22C,226,10,FP023,226,34,HP023,,,Sink,,,,,,,,,,,,,,,,,,,,,,,,,,,,,,
U613 PD16C,226,14,HP023,228,39,FP023,,,Sink,,,,,,,,,,,,,,,,,,,,,,,,,,,,,,
U612 PB18P,226,15,HP024,228,39,FP034,255,5,PP034,,,Sink,,,,,,,,,,,,,,,,,,,,,,,,,,,
U613 PD18C,228,14,HP023,239,28,FP023,,,Sink,,,,,,,,,,,,,,,,,,,,,,,,,,,,,,
U612 PF11C,238,19,HP024,240,40,FP034,,,Sink,,,,,,,,,,,,,,,,,,,,,,,,,,,,,,
U613 PD11C,239,10,HP023,241,22,FP023,,,Sink,,,,,,,,,,,,,,,,,,,,,,,,,,,,,,
U612 PD18C,241,14,HP023,245,28,FP023,,,Sink,,,,,,,,,,,,,,,,,,,,,,,,,,,,,,
U614 T18P,241,1,HF010,249,1,HF020,263,1,HF031,289,6,HA021,301,8,HA041,312,3,FB021,330,1,PS023,331,1,HL034,,,Sink,,,,,,,,,,,,
U614 L18C,242,1,HF010,252,1,HF020,266,1,HF031,283,6,HA021,294,8,HA041,308,2,FB021,324,2,PS023,326,1,HL034,,,Sink,,,,,,,,,,,,
U614 AE13C,245,10,HP011,260,8,FP011,274,6,PP011,298,1,HL023,,,Sink,,,,,,,,,,,,,,,,,,,,,,,,
U614 T18S,246,1,HF010,254,1,HF020,268,1,HF031,287,6,HA021,296,8,HA041,310,3,FB021,325,1,PS023,326,1,HL034,,,Sink,,,,,,,,,,,,
U614 L19C,246,1,HF010,254,1,HF020,268,1,HF031,287,6,HA021,296,8,HA041,310,2,FB021,324,2,PS023,326,1,HL034,,,Sink,,,,,,,,,,,,
U614 AE12C,249,10,HP011,263,11,FP011,283,7,PP011,298,1,HL023,,,Sink,,,,,,,,,,,,,,,,,,,,,,,,
U614 AB12C,253,8,HP011,263,6,FP011,274,7,PP011,298,1,HL023,,,Sink,,,,,,,,,,,,,,,,,,,,,,,,
U614 AB13C,255,8,HP011,267,6,FP011,275,7,PP011,298,1,HL023,,,Sink,,,,,,,,,,,,,,,,,,,,,,,,
U614 AB14C,260,8,HP011,270,6,FP011,282,7,PP011,301,1,HL023,,,Sink,,,,,,,,,,,,,,,,,,,,,,,,
U614 AB15C,261,8,HP011,273,6,FP011,283,7,PP011,301,1,HL023,,,Sink,,,,,,,,,,,,,,,,,,,,,,,,
U614 AB16C,263,8,HP011,275,3,FP011,282,7,PP011,302,1,HL023,,,Sink,,,,,,,,,,,,,,,,,,,,,,,,
U614 AB17C,266,8,HP011,280,3,FP011,283,7,PP011,302,1,HL023,,,Sink,,,,,,,,,,,,,,,,,,,,,,,,
U614 PH21C,268,56,FP023,310,33,PP023,,,Sink,,,,,,,,,,,,,,,,,,,,,,,,,,,,,,
U614 AA21C,283,9,HP011,296,3,FP011,302,8,PP011,329,1,HL023,,,Sink,,,,,,,,,,,,,,,,,,,,,,,,
U614 AF21C,290,8,HP011,304,4,FP011,310,7,PP011,333,1,HL034,,,Sink,,,,,,,,,,,,,,,,,,,,,,,,
U614 AB18S,291,8,HP011,305,3,FP011,310,7,PP011,326,1,HL034,,,Sink,,,,,,,,,,,,,,,,,,,,,,,,
U614 AF31C,295,9,HP011,310,4,FP011,316,7,PP011,333,1,HL034,,,Sink,,,,,,,,,,,,,,,,,,,,,,,,
U614 PB11C,296,18,HP023,302,36,FP023,324,8,PP023,,,Sink,,,,,,,,,,,,,,,,,,,,,,,,,,,
U614 AB18P,296,8,HP011,310,3,FP011,315,7,PP011,331,1,HL034,,,Sink,,,,,,,,,,,,,,,,,,,,,,,,
U614 PE11C,298,20,HP023,301,48,FP023,329,8,PP023,,,Sink,,,,,,,,,,,,,,,,,,,,,,,,,,,
U614 PB12C,298,16,HP023,304,33,FP023,325,8,PP023,,,Sink,,,,,,,,,,,,,,,,,,,,,,,,,,,
U614 PB14C,301,16,HP023,305,33,FP023,326,8,PP023,,,Sink,,,,,,,,,,,,,,,,,,,,,,,,,,,
U614 PS18S,302,10,HP023,312,7,FP023,319,5,PP023,326,1,HL034,,,Sink,,,,,,,,,,,,,,,,,,,,,,,,
U614 PB16C,302,16,HP023,308,31,FP023,330,8,PP023,,,Sink,,,,,,,,,,,,,,,,,,,,,,,,,,,
U614 PS12P,308,14,HP023,316,17,FP023,330,7,PP023,,,Sink,,,,,,,,,,,,,,,,,,,,,,,,,,,
U614 PS18P,309,10,HP023,318,7,FP023,323,5,PP023,331,1,HL034,,,Sink,,,,,,,,,,,,,,,,,,,,,,,,
U614 PS12S,309,14,HP023,317,17,FP023,330,7,PP023,,,Sink,,,,,,,,,,,,,,,,,,,,,,,,,,,
U614 PF41C,310,8,FP023,310,21,HP023,326,4,PP023,333,1,HL034,,,Sink,,,,,,,,,,,,,,,,,,,,,,,,
U614 PE31C,310,18,FP023,332,5,PP023,,,Sink,,,,,,,,,,,,,,,,,,,,,,,,,,,,,,
U614 AA31C,311,9,HP011,324,2,FP011,336,7,PP011,,,Sink,,,,,,,,,,,,,,,,,,,,,,,,,,,
U614 PS14P,312,12,HP023,318,19,FP023,330,6,PP023,,,Sink,,,,,,,,,,,,,,,,,,,,,,,,,,,
U614 PS14S,316,12,HP023,322,17,FP023,332,6,PP023,,,Sink,,,,,,,,,,,,,,,,,,,,,,,,,,,
U614 PE41C,316,18,HP023,319,40,FP023,340,11,PP023,,,Sink,,,,,,,,,,,,,,,,,,,,,,,,,,,
U614 PS16P,317,11,FP023,317,26,HP023,333,6,PP023,,,Sink,,,,,,,,,,,,,,,,,,,,,,,,,,,
U614 PD12C,318,14,HP023,322,29,FP023,,,Sink,,,,,,,,,,,,,,,,,,,,,,,,,,,,,,
U614 PS16S,319,11,FP023,319,26,HP023,337,6,PP023,,,Sink,,,,,,,,,,,,,,,,,,,,,,,,,,,
U614 PD11C,322,10,HP023,324,19,FP023,,,Sink,,,,,,,,,,,,,,,,,,,,,,,,,,,,,,
U614 PD14C,323,14,HP023,325,29,FP023,,,Sink,,,,,,,,,,,,,,,,,,,,,,,,,,,,,,
U614 PB18S,326,17,FP034,326,41,HP024,351,6,PP034,,,Sink,,,,,,,,,,,,,,,,,,,,,,,,,,,
U614 PA22C,329,10,FP023,329,25,HP023,,,Sink,,,,,,,,,,,,,,,,,,,,,,,,,,,,,,
U614 PD16C,330,14,HP023,332,29,FP023,,,Sink,,,,,,,,,,,,,,,,,,,,,,,,,,,,,,
U614 PB18P,331,15,FP034,331,35,HP024,352,6,PP034,,,Sink,,,,,,,,,,,,,,,,,,,,,,,,,,,
U614 PF11C,333,22,HP024,337,47,FP034,,,Sink,,,,,,,,,,,,,,,,,,,,,,,,,,,,,,
U614 PD18C,343,14,HP023,345,27,FP023,,,Sink,,,,,,,,,,,,,,,,,,,,,,,,,,,,,,
